Account Name,Vertical,Industry (Research),Website,Annual Sales
conequippartsandequipmentllc,Wholesale and distribution services (MWD),Construction Equipment & Heavy Machinery Parts Distribution,,0
php,Manufacturing (MWD),Material Handling Equipment Manufacturing & Distribution,,"4,362,285"
ciamedical,Wholesale and distribution services (MWD),Medical Supplies Wholesale Distribution,,"15,840,397"
niagaramachine1,Wholesale and distribution services (MWD),Construction Equipment & Concrete Surface Preparation Distribution,,0
aquamatic,Manufacturing (MWD),Pool Safety Equipment Manufacturing,,"11,647,127"
FlowTurn,Manufacturing (MWD),Powered Belt Curves & Spiral Conveyors Manufacturing,flow-turn.com,"41,731,301"
jit,Manufacturing (MWD),"Textiles, Labels & Printing Products Distribution",,0
Eastwestemb2,Retail,Custom Embroidery & Apparel Services,gmail.com,0
windowmakeover1,Manufacturing (MWD),Window Treatments & Coverings,,0
ezloinnovation,Wholesale and distribution services (MWD),Smart Home Automation & IoT Platform,,0
globalgatecontrols,Retail,Access Control Equipment Distribution,,0
hmtca,Manufacturing (MWD),CNC Tube & Pipe Bending Equipment Manufacturing,,0
westernsquare1,Manufacturing (MWD),Agricultural & Industrial Metal Products Manufacturing,,0
lumax,Wholesale and distribution services (MWD),LED Lighting Manufacturing - Commercial/Industrial Retrofits,,0
westernpackaging,Wholesale and distribution services (MWD),Custom Flexible Packaging Manufacturing,,0
parlights,Wholesale and distribution services (MWD),Theatrical Lighting & Rigging Solutions,,"6,034,874"
SunshineUSALLC1,Manufacturing (MWD),MULTIPLE COMPANIES - Requires Clarification,,0
cdsanalytical,Manufacturing (MWD),Analytical Laboratory Instrumentation Manufacturing,,"5,366,037"
datamemorysales,Wholesale and distribution services (MWD),Computer Memory & Storage Distribution,,0
safaribeltingsystemsinc,Manufacturing (MWD),Plastic Modular Conveyor Belting Manufacturing,safaribelting.com,"19,048,115"
keastenterprises,Retail,"Agricultural, Construction & Forestry Equipment Distribution",,0
LPIShownetwork,Wholesale and distribution services (MWD),PENDING - Company Not Clearly Identified,,"4,054,373"
vpnz,Manufacturing (MWD),"Industrial Vacuum Pumps, Compressors & Blowers",,"1,471,923"
sunshinellc2023,Manufacturing (MWD),Hot Tub & Swim Spa Manufacturing/Retail,lpiinc.com,0
HundeggerNA,Manufacturing (MWD),CNC Timber Construction Machinery Manufacturing,,0
ctiusa,Manufacturing (MWD),MULTIPLE COMPANIES - Requires Clarification,,"7,138,066"
mdcarts1,Wholesale and distribution services (MWD),Luxury Electric Golf Carts & Recreational Vehicles Manufacturing,,0
division9associates,Wholesale and distribution services (MWD),Commercial Flooring Distribution - Multi-Line Sales Agency,,0
appackagingcorp,Manufacturing (MWD),Protective Packaging Manufacturing,,0
artbrandsllc,Manufacturing (MWD),Heat Transfer Manufacturing & Garment Decoration,,"2,411,022"
siegelperformancesystems,Wholesale and distribution services (MWD),Fitness & Rehabilitation Equipment Distribution,,0
mtausa,Wholesale and distribution services (MWD),Industrial Process Cooling & Compressed Air Treatment Manufacturing,,0
affordablemedical,Retail,MULTIPLE COMPANIES - Requires Clarification,,0
agralarm1,Manufacturing (MWD),Agricultural Monitoring & Alarm Systems - Poultry/Livestock,,"3,160,957"
hylunia,Manufacturing (MWD),Vegan & Natural Skincare Manufacturing,,"1,640,969"
audiovideosupply,Wholesale and distribution services (MWD),MULTIPLE COMPANIES - Requires Clarification,,"1,969,452"
trask2000,Manufacturing (MWD),Motorcycle Performance Parts & Custom Builds,,"9,147,962"
customequipmentcompanyinc,Manufacturing (MWD),Material Handling & Custom Packaging Solutions,,"3,499,233"
ssps,Manufacturing (MWD),Surface Preparation Equipment Manufacturing - Pavement/Flooring,,0
pickonus,Retail,Eco-Friendly Disposables - Restaurant & Hospitality Products,,0
pscfloturninc,Manufacturing (MWD),Powered Belt Curves & Spiral Conveyors Manufacturing,,0
vedafarming1,Wholesale and distribution services (MWD),Agricultural Equipment Sales - Innovative Farming Implements,,0
simplesolutionsandinnovationsinc,Manufacturing (MWD),Printing Trades Machinery Repair & Wholesale,,0
technisoilglobal,Wholesale and distribution services (MWD),Soil Stabilization & Eco-Friendly Pavement Solutions,,0
diamondTechnologies,Manufacturing (MWD),Industrial Automation & Data Collection Solutions,diamondt.com,"7,923,778"
apdminc,Manufacturing (MWD),Wearable Motion Sensors & Digital Health Technology,,"1,688,952"
photovaclasercorp,Wholesale and distribution services (MWD),CO2 Laser Repair & Remanufacturing Services,,"1,052,808"
swsgroup1,Wholesale and distribution services (MWD),Correctional Facility Equipment Distribution & Contracting,,0
psipressure,Manufacturing (MWD),High-Pressure Water-Blasting Equipment Manufacturing,,"1,414,859"
gexcorpCo1,Manufacturing (MWD),Dosimetry Products & Radiation Measurement Services,gexcorp.com,0
virginialabsupplycorp,Wholesale and distribution services (MWD),"Laboratory Equipment, Supplies & Chemicals Distribution",,"7,103,362"
hundegger,Manufacturing (MWD),CNC Timber Processing Machinery Manufacturing,,0
mbgakllc,Retail,Rural Alaska Grocery Delivery & Shipping,,"1,729,983"
ebproducts,Wholesale and distribution services (MWD),Patriotic & Military Apparel E-Commerce,,0
spus,Wholesale and distribution services (MWD),Automotive Promotional Products & Dealer Accessories,,"830,998"
aswsouth,Wholesale and distribution services (MWD),Boutique Wine Importing & Distribution - Florida Division,,"5,505,320"
calpacific,Wholesale and distribution services (MWD),Food Distribution - Rice & Dry Goods Specialist,,"23,519,325"
americanwholesaledistributors2,Wholesale and distribution services (MWD),Apparel & Custom Logo Branding Wholesale - awdinc.net,awdinc.net,"3,147,836"
cadsupplies1,Retail,Wide Format Printing Equipment & Supplies Distribution,,0
hsa,Wholesale and distribution services (MWD),Hydrological & Meteorological Equipment - Data Solutions,,"76,140"
ozopenergysystemsinc,Manufacturing (MWD),Renewable Energy Products & EV Charging Solutions,,0
stellalightinginc,Wholesale and distribution services (MWD),LED Task Lamp Design & Manufacturing,,0
okfoundry,Manufacturing (MWD),Gray & Ductile Iron Castings - Historic Restoration Specialist,,"1,102,200"
mytcoatcommercialoutdoorfurniture,Manufacturing (MWD),Commercial Outdoor Furniture Manufacturing - Proprietary Coating,mytcoat.com,"16,005,551"
excelpkgsystems,Wholesale and distribution services (MWD),Packaging Equipment & Supplies Distribution,,0
wowo,Wholesale and distribution services (MWD),Automotive Detailing Products Distribution,,0
nellieshairemporiumincnew,Wholesale and distribution services (MWD),Hair Extensions & Wigs Manufacturing - Canada,,"401,893"
ravizzausa,Manufacturing (MWD),PENDING RESEARCH,,"6,390"
onsight,Wholesale and distribution services (MWD),PENDING RESEARCH,,"1,585,839"
mjsystems,Wholesale and distribution services (MWD),PENDING RESEARCH,,0
alcon,Manufacturing (MWD),PENDING RESEARCH,,0
servsixus,Wholesale and distribution services (MWD),PENDING RESEARCH,,0
griffcovalve,Manufacturing (MWD),PENDING RESEARCH,griffcovalve.com,0
amesresearchinc,Manufacturing (MWD),PENDING RESEARCH,amesresearch.com,0
capitalcityawning3,Manufacturing (MWD),PENDING RESEARCH,capitalcityawning.com,"4,262,365"
arczonecominc,Manufacturing (MWD),PENDING RESEARCH,arc-zone.com,0
aquashieldenclosures,Manufacturing (MWD),PENDING RESEARCH,,"7,246,858"
Solavantilighting1,Manufacturing (MWD),PENDING RESEARCH,,"826,179"
altech,Manufacturing (MWD),PENDING RESEARCH,,0
spiritedbluffsllc,Wholesale and distribution services (MWD),PENDING RESEARCH,spiritedbluffs.com,"539,809"
idescosafetycorp,Wholesale and distribution services (MWD),PENDING RESEARCH,,"280,288"
pinnacleindustrialsupply,Wholesale and distribution services (MWD),PENDING RESEARCH,pinnacleca.com,0
nanoandmoreusa1,Wholesale and distribution services (MWD),PENDING RESEARCH,,"1,514,796"
ebg,Wholesale and distribution services (MWD),PENDING RESEARCH,,0
tuffeventsllc,Manufacturing (MWD),PENDING RESEARCH,,0
sci92,Wholesale and distribution services (MWD),PENDING RESEARCH,,"3,003,617"
tastypuff,Wholesale and distribution services (MWD),PENDING RESEARCH,,"515,809"
flowerhouse,Wholesale and distribution services (MWD),PENDING RESEARCH,,0
rapidfireprotectionnew,Wholesale and distribution services (MWD),PENDING RESEARCH,,"8,839,130"
mhqnewmexico,Manufacturing (MWD),PENDING RESEARCH,gmail.com,"15,084,202"
morepreparedCo2,Retail,PENDING RESEARCH,moreprepared.com,0
boutiqueampsdistribution,Manufacturing (MWD),PENDING RESEARCH,boutiqueampsdistribution.com,"19,671,366"
atlasbuildingsystems,Retail,PENDING RESEARCH,ijasolutions.com,0
MYGUTTERLOCK,Manufacturing (MWD),PENDING RESEARCH,,"1,400,287"
rfdistributor,Wholesale and distribution services (MWD),PENDING RESEARCH,rfdistributor.com,"890,456"
vcinc2,Retail,PENDING RESEARCH,,0
pinline,Manufacturing (MWD),PENDING RESEARCH,,0
triangleatlantic,Wholesale and distribution services (MWD),PENDING RESEARCH,,0
wavedistro1,Wholesale and distribution services (MWD),PENDING RESEARCH,paschick.com,"3,104,368"
calcert,Wholesale and distribution services (MWD),PENDING RESEARCH,cal-cert.com,0
PlanetPOS,Wholesale and distribution services (MWD),PENDING RESEARCH,,"177,059"
BarrelBuildersInc,Wholesale and distribution services (MWD),PENDING RESEARCH,,0
rgvegas,Retail,PENDING RESEARCH,,"156,945"
penwestcanada,Manufacturing (MWD),PENDING RESEARCH,,"1,842,312"
southwestpianos,Retail,PENDING RESEARCH,gmail.com,0
logoknits1,Manufacturing (MWD),PENDING RESEARCH,kmscoinc.com,0
fogartyslakeflowermarina,Retail,PENDING RESEARCH,hotmail.com,"150,279"
waterscienceinc,Wholesale and distribution services (MWD),PENDING RESEARCH,,0
eu,Manufacturing (MWD),PENDING RESEARCH,,0
seaciderfarmandciderhouse,Manufacturing (MWD),PENDING RESEARCH,,"3,136,073"
fitnessandexercisesolutions3,Retail,PENDING RESEARCH,fitexsolutions.com,"2,616,628"
giantmicrobes,Retail,PENDING RESEARCH,,"1,261,028"
wrico,Wholesale and distribution services (MWD),PENDING RESEARCH,gmail.com,0
interstategraphics,Manufacturing (MWD),PENDING RESEARCH,,"3,515,365"
trinitychurchsupply,Wholesale and distribution services (MWD),PENDING RESEARCH,,"2,258,598"
gmfhospitalityinc,Wholesale and distribution services (MWD),PENDING RESEARCH,,"16,896,581"
ranchandcointeriors,Manufacturing (MWD),PENDING RESEARCH,gmail.com,"6,011,755"
aquaview,Manufacturing (MWD),PENDING RESEARCH,,0
herzogveneers2,Wholesale and distribution services (MWD),PENDING RESEARCH,herzogveneers.com,0
liquitube,Manufacturing (MWD),PENDING RESEARCH,gmail.com,"1,410,598"
imagehomedecorlp,Wholesale and distribution services (MWD),PENDING RESEARCH,imagehomecenter.com,"931,179"
circlethreedesigns3,Manufacturing (MWD),PENDING RESEARCH,circlethreedesigns.com,0
thermolex,Wholesale and distribution services (MWD),PENDING RESEARCH,thermolex.com,0
epccigar,Wholesale and distribution services (MWD),PENDING RESEARCH,,"9,981,087"
derwasofwelshpoolltd2,Retail,PENDING RESEARCH,derwas.co.uk,0
lsut,Retail,PENDING RESEARCH,,"1,945,741"
hexcoreofamerica,Manufacturing (MWD),PENDING RESEARCH,hexcoreusa.com,0
kiccorporation,Wholesale and distribution services (MWD),PENDING RESEARCH,,"3,573,970"
lmoor,Wholesale and distribution services (MWD),PENDING RESEARCH,,"413,575"
maplevalley,Manufacturing (MWD),PENDING RESEARCH,maplevalley.coop,"7,442,879"
isavela,Manufacturing (MWD),PENDING RESEARCH,,0
winecountryconnection,Retail,PENDING RESEARCH,winecountryconnection.net,"4,971,150"
halamotors,Retail,PENDING RESEARCH,halamotors.ca,0
jsco,Retail,PENDING RESEARCH,,"576,648"
e2efoodpackinc,Wholesale and distribution services (MWD),PENDING RESEARCH,,"1,734,724"
integriturf2,Wholesale and distribution services (MWD),PENDING RESEARCH,integriturf.com,"1,323,191"
smsprecisiontech2,Manufacturing (MWD),PENDING RESEARCH,smsprecisiontech.com,0
ibixsurfacetechnologies,Wholesale and distribution services (MWD),PENDING RESEARCH,,"649,822"
westerndovetailinc2,Manufacturing (MWD),PENDING RESEARCH,drawer.com,0
whclenterprises2,Wholesale and distribution services (MWD),PENDING RESEARCH,wehangchristmaslights.com,"304,963"
greatnorthernfishcompanyincorporationdbano,Wholesale and distribution services (MWD),PENDING RESEARCH,norfisk.is,0
eshhardwareandfarmsupplyllc2,Retail,PENDING RESEARCH,gmail.com,"1,429,941"
nedia,Manufacturing (MWD),PENDING RESEARCH,nedia.com,0
lillipadmarine2,Manufacturing (MWD),PENDING RESEARCH,lillipadmarine.com,"31,822,857"
hblzh,Manufacturing (MWD),PENDING RESEARCH,,"3,946,128"
maassociates,Manufacturing (MWD),PENDING RESEARCH,,"6,945,817"
luxurydistributiongroup,Manufacturing (MWD),PENDING RESEARCH,luxurydistributiongroup.com,"2,016,283"
stallwatch,Retail,PENDING RESEARCH,,0
fromtheretohereimports,Wholesale and distribution services (MWD),PENDING RESEARCH,,"357,968"
volitant2,Wholesale and distribution services (MWD),PENDING RESEARCH,volitant.tech,"9,613,750"
boninfantefrictioninc,Manufacturing (MWD),PENDING RESEARCH,boninfanteracing.com,0
mojofeet,Manufacturing (MWD),PENDING RESEARCH,,"907,476"
Keystone,Manufacturing (MWD),PENDING RESEARCH,sbsassociates.com,0
uniquedesignsolutionsllc,Manufacturing (MWD),PENDING RESEARCH,uds-az.com,"1,253,596"
merrimuseenterprisesllc,Retail,PENDING RESEARCH,,"246,947"
wagnerranchservices,Wholesale and distribution services (MWD),PENDING RESEARCH,,0
dtcshycat1,Manufacturing (MWD),PENDING RESEARCH,dtcs-hycat.com,0
srwdistribution,Wholesale and distribution services (MWD),PENDING RESEARCH,,0
eneconcorporation,Manufacturing (MWD),PENDING RESEARCH,,"7,121,127"
primefish,Wholesale and distribution services (MWD),PENDING RESEARCH,,0
langemedical,Wholesale and distribution services (MWD),PENDING RESEARCH,,0
dyetusainc,Wholesale and distribution services (MWD),PENDING RESEARCH,dyet.mx,"1,135,380"
datamemorymarketing,Wholesale and distribution services (MWD),PENDING RESEARCH,,0
unitedcomponentsdistributionllc,Wholesale and distribution services (MWD),PENDING RESEARCH,,0
HamptonRoadsVirginia,Wholesale and distribution services (MWD),PENDING RESEARCH,www.mobilitycity.com,0
coastaltransfers,Wholesale and distribution services (MWD),PENDING RESEARCH,coastaltransfers.com,"438,799"
RefreshAustralia,Manufacturing (MWD),PENDING RESEARCH,,"42,212"
restaurantfurniturecom,Retail,PENDING RESEARCH,,"3,796,494"
albertlpunktinc1,Wholesale and distribution services (MWD),PENDING RESEARCH,,"621,724"
swissmadebrandsusa2,Retail,PENDING RESEARCH,swissmadebrandsusa.com,"2,065,518"
vm5lightingsolutions,Wholesale and distribution services (MWD),PENDING RESEARCH,enhanceusa.com,"323,675"
exposuresfineart,Retail,PENDING RESEARCH,,"2,899,745"
kaossoftwearllc,Manufacturing (MWD),PENDING RESEARCH,,"445,756"
australiannaturalsoap,Wholesale and distribution services (MWD),PENDING RESEARCH,,"3,303,356"
ucoat,Wholesale and distribution services (MWD),PENDING RESEARCH,u-coat.com,"105,469"
Vagabondpetsupply,Manufacturing (MWD),PENDING RESEARCH,vagabondpetsupply.com,0
nomipackaging2,Wholesale and distribution services (MWD),PENDING RESEARCH,nomipackaging.com,0
omniausa,Manufacturing (MWD),PENDING RESEARCH,,"454,183"
ecocafs,Manufacturing (MWD),PENDING RESEARCH,ecocafs.com,"1,759,590"
terrazaspecialties,Wholesale and distribution services (MWD),PENDING RESEARCH,terrazaspecialties.com,0
tradepak2,Manufacturing (MWD),PENDING RESEARCH,tradepak.net,0
richcompower,Manufacturing (MWD),PENDING RESEARCH,richcompower.com,"8,417,995"
mcc,Manufacturing (MWD),PENDING RESEARCH,,"12,377,751"
bituox,Manufacturing (MWD),PENDING RESEARCH,bituox.com,"8,182,834"
goldengroveglobal,Manufacturing (MWD),PENDING RESEARCH,,"79,135"
op76cattle,Wholesale and distribution services (MWD),PENDING RESEARCH,,"2,933,639"
easternwearparts,Retail,PENDING RESEARCH,easternwearparts.com,"2,607,676"
StricklandsMyrtleBeach,Retail,PENDING RESEARCH,,0
rojascigarsllc,Wholesale and distribution services (MWD),PENDING RESEARCH,icloud.com,"2,959,936"
thierrylasry2,Wholesale and distribution services (MWD),PENDING RESEARCH,thierrylasry.com,"1,762,432"
cwfame,Manufacturing (MWD),PENDING RESEARCH,cwfame.com,"138,000"
supremeice,Manufacturing (MWD),PENDING RESEARCH,,"1,747,533"
megaelevatorparts2,Wholesale and distribution services (MWD),PENDING RESEARCH,pnatc.com,0
specialtechnicalservicesinc,Manufacturing (MWD),PENDING RESEARCH,specialtechnicalservices.com,0
blingmaster,Wholesale and distribution services (MWD),PENDING RESEARCH,,0
houseofqcrm,Wholesale and distribution services (MWD),PENDING RESEARCH,,"324,361"
toolrange2,Retail,PENDING RESEARCH,aardwolfaustralia.com,"596,180"
trendysurfaces,Wholesale and distribution services (MWD),PENDING RESEARCH,trendysurfacesinc.com,"2,612,657"
dtaglobal,Manufacturing (MWD),PENDING RESEARCH,,"1,843,142"
multiresidentialsupplyltd,Wholesale and distribution services (MWD),PENDING RESEARCH,multiressupply.com,"5,099,778"
schemmbowlinginc,Wholesale and distribution services (MWD),PENDING RESEARCH,schemm.com,"2,704,627"
AffordableSeating,Retail,PENDING RESEARCH,,"2,395,042"
SeatingMasters,Retail,PENDING RESEARCH,,"5,299,266"
selectedfurniture,Wholesale and distribution services (MWD),PENDING RESEARCH,,"15,760,170"
RestaurantFurnitureSupply,Retail,PENDING RESEARCH,,"231,762"
AffordableSeatingLLC,Retail,PENDING RESEARCH,,"8,677,156"
RestaurantFurnitureNet,Retail,PENDING RESEARCH,,"10,733,572"
chempenn,Wholesale and distribution services (MWD),PENDING RESEARCH,,0
dars,Wholesale and distribution services (MWD),PENDING RESEARCH,,0
ftlenterprises,Wholesale and distribution services (MWD),PENDING RESEARCH,gmail.com,0
eqlocktest,Retail,Heavy Equipment Security Locks Manufacturing,equipmentlock.com,0
preferredbathinc,Manufacturing (MWD),PENDING RESEARCH,preferredbathinc.com,"1,695,450"
digpig,Manufacturing (MWD),PENDING RESEARCH,digpig.ca,0
hettaglogg,Wholesale and distribution services (MWD),PENDING RESEARCH,,0
ppcindustries1,Manufacturing (MWD),PENDING RESEARCH,ppcair.com,0
smcclainstonecoinc,Wholesale and distribution services (MWD),PENDING RESEARCH,,"9,493,960"
nantucketsinksusa,Wholesale and distribution services (MWD),PENDING RESEARCH,nantucketsinksusa.com,0
onwamarine2,Manufacturing (MWD),PENDING RESEARCH,onwamarine.com,"25,519,319"
briarford2,Wholesale and distribution services (MWD),PENDING RESEARCH,briarford.com,"1,026,535"
noorwholesale,Wholesale and distribution services (MWD),PENDING RESEARCH,gmail.com,"6,305,633"
glfast4,Manufacturing (MWD),PENDING RESEARCH,glfast.com,0
horticulturalalliancellc,Wholesale and distribution services (MWD),PENDING RESEARCH,gmail.com,"2,786,077"
breittechnologiesllc,Wholesale and distribution services (MWD),PENDING RESEARCH,,0
biophotasincsandbox,Retail,Medical Device Manufacturing - LED Light Therapy,gmail.com,0
thecelticgroup,Wholesale and distribution services (MWD),PENDING RESEARCH,,"58,118,711"
dinosaw2,Manufacturing (MWD),PENDING RESEARCH,dinosaw.com,"6,168,523"
durawattle,Manufacturing (MWD),PENDING RESEARCH,,"938,189"
vintedgewinery,Wholesale and distribution services (MWD),PENDING RESEARCH,bespokewinerysolutions.com,"7,034,942"
sunriseindustrialcleanersinc,Manufacturing (MWD),PENDING RESEARCH,sunriseindustrial.com,"2,707,681"
amariesbathflowershop3,Manufacturing (MWD),PENDING RESEARCH,amariesbathflowershop.com,0
rcswiftllc,Wholesale and distribution services (MWD),PENDING RESEARCH,swiftarrow.com,0
davantllc,Wholesale and distribution services (MWD),PENDING RESEARCH,davantcorp.com,"82,947"
codipsausa,Wholesale and distribution services (MWD),PENDING RESEARCH,,"1,829,159"
webcoteindustries2,Manufacturing (MWD),PENDING RESEARCH,,"1,359,627"
lionoutdoor,Manufacturing (MWD),PENDING RESEARCH,durabikelocker.com,0
americantankcoinc2,Manufacturing (MWD),PENDING RESEARCH,www.watertanks.com,0
twobirds,Wholesale and distribution services (MWD),PENDING RESEARCH,twobirds.coffee,"855,821"
southernaggregates2,Wholesale and distribution services (MWD),PENDING RESEARCH,southernaggregates.com,"1,319,869"
ippowerhouse,Wholesale and distribution services (MWD),PENDING RESEARCH,ippowerhouse.com,"1,266,810"
thepoolenclosureguys,Manufacturing (MWD),PENDING RESEARCH,gmail.com,"761,986"
aedeschristiholdingsincdbadubalbros,Wholesale and distribution services (MWD),PENDING RESEARCH,outlook.com,"796,556"
badgerham,Manufacturing (MWD),PENDING RESEARCH,,"7,573,402"
pesaventollc,Manufacturing (MWD),PENDING RESEARCH,gmail.com,0
fullcitysupply3,Wholesale and distribution services (MWD),PENDING RESEARCH,fullcitysupply.com,"1,036,292"
raicescubanascigarsusainc2,Wholesale and distribution services (MWD),PENDING RESEARCH,raicescubanas.com,"281,069"
integratedmedical,Wholesale and distribution services (MWD),PENDING RESEARCH,,0
sportexsales,Wholesale and distribution services (MWD),PENDING RESEARCH,,"7,790,265"
farmtosummit,Manufacturing (MWD),PENDING RESEARCH,farmtosummit.com,"821,396"
aquaticnutritioninc,Retail,PENDING RESEARCH,,"708,793"
dylanwilliamscpa,Manufacturing (MWD),PENDING RESEARCH,,0
paragonshuttersinternationalptyltd,Wholesale and distribution services (MWD),PENDING RESEARCH,paragonshutters.com.au,0
jentschcompany,Manufacturing (MWD),PENDING RESEARCH,jentschcompany.com,"639,791"
standardvinyl,Manufacturing (MWD),PENDING RESEARCH,standardvinyl.com,"548,729"
pridgenbrothers,Wholesale and distribution services (MWD),PENDING RESEARCH,pridgenbrothers.com,"4,514,474"
hblindia,Manufacturing (MWD),"Textiles, Labels & Printing Products Distribution",,0
assembledproductspecialists,Wholesale and distribution services (MWD),PENDING RESEARCH,,"4,074,678"
marcatodirectlimited2,Wholesale and distribution services (MWD),PENDING RESEARCH,marcatodirect.com,"854,105"
dpalex,Wholesale and distribution services (MWD),PENDING RESEARCH,,0
lloydwatersandassociates,Wholesale and distribution services (MWD),PENDING RESEARCH,,"1,526,592"
wtidistributioninc,Wholesale and distribution services (MWD),PENDING RESEARCH,wtidi.com,"16,816,629"
flightsalesgroup,Wholesale and distribution services (MWD),PENDING RESEARCH,flightsalesgroup.com,"5,375,007"
chefschoicelv,Wholesale and distribution services (MWD),PENDING RESEARCH,chefschoicelv.com,"6,270,050"
ruedawineco,Retail,PENDING RESEARCH,,"39,301,619"
ensureaseal2,Wholesale and distribution services (MWD),PENDING RESEARCH,ensureaseal.com,"3,745,921"
modisystems,Manufacturing (MWD),PENDING RESEARCH,modisystems.com,0
silvertecmfginc2,Manufacturing (MWD),PENDING RESEARCH,silvertec.ca,"1,053,066"
golfinvite2,Wholesale and distribution services (MWD),PENDING RESEARCH,golfinvite.com,"892,627"
hallknifeandforge,Manufacturing (MWD),PENDING RESEARCH,hallknifeandforge.com,0
prosourcegroup,Wholesale and distribution services (MWD),PENDING RESEARCH,,"2,691,686"
acsdistributionllc,Wholesale and distribution services (MWD),PENDING RESEARCH,,"86,400"
smuckerpelleting,Manufacturing (MWD),PENDING RESEARCH,smuckerpelleting.com,0
fishtnkinc,Manufacturing (MWD),PENDING RESEARCH,fishtnk.com,"252,240"
fbfnorthamerica,Manufacturing (MWD),PENDING RESEARCH,fbfnorthamerica.com,"3,969,099"
surecaninc,Manufacturing (MWD),PENDING RESEARCH,,0
kerrywilkensinc,Manufacturing (MWD),PENDING RESEARCH,jeanscanvas.com,"812,954"
lumasam,Manufacturing (MWD),PENDING RESEARCH,,"412,652"
grazianobrothers,Wholesale and distribution services (MWD),PENDING RESEARCH,,"10,351,664"
artisanclassicorganinc,Retail,PENDING RESEARCH,,0
elixirwinegroup2,Wholesale and distribution services (MWD),PENDING RESEARCH,,"1,523,435"
opulencewoodproducts,Wholesale and distribution services (MWD),PENDING RESEARCH,gmail.com,"1,630,936"
seatinghub2,Retail,PENDING RESEARCH,,"1,218,157"
prompterpeople2,Retail,PENDING RESEARCH,,"6,459,091"
ocutech,Manufacturing (MWD),PENDING RESEARCH,,0
suitepieces,Retail,PENDING RESEARCH,,"1,200"
highaltitudemanufacturingglobalinc,Manufacturing (MWD),PENDING RESEARCH,gmail.com,"54,546"
inversionesroda,Wholesale and distribution services (MWD),PENDING RESEARCH,,"251,318,526"
coloradoheartrescue,Retail,PENDING RESEARCH,,"175,547"
emlinc,Wholesale and distribution services (MWD),PENDING RESEARCH,,"1,188,251"
bloomco3,Wholesale and distribution services (MWD),PENDING RESEARCH,gmail.com,"2,358,326"
c4effects,Retail,PENDING RESEARCH,,"226,406"
cdalighting,Retail,PENDING RESEARCH,,0
agribestfeeds2,Wholesale and distribution services (MWD),PENDING RESEARCH,,"10,079,937"
sixhundredandtwentyninegroup,Wholesale and distribution services (MWD),PENDING RESEARCH,629group.com,"1,640,736"
terrapin2,Manufacturing (MWD),PENDING RESEARCH,gmail.com,"31,470"
vectorr,Manufacturing (MWD),PENDING RESEARCH,vectorusa.net,0
mautekinc,Manufacturing (MWD),PENDING RESEARCH,mautek.com,"147,660"
fortyeightbarriers,Wholesale and distribution services (MWD),PENDING RESEARCH,48barriers.com,0
puzzlesthatrock,Wholesale and distribution services (MWD),PENDING RESEARCH,gmail.com,"335,899"
dbuoy,Wholesale and distribution services (MWD),PENDING RESEARCH,,"577,920"
adaptersplusinc2,Manufacturing (MWD),PENDING RESEARCH,adapt-plus.com,"190,470"
trifunoretailsolutionsinc,Wholesale and distribution services (MWD),PENDING RESEARCH,,"2,015,661"
waterlandscapesupply,Wholesale and distribution services (MWD),PENDING RESEARCH,,"797,788"
tearoffproducts2,Manufacturing (MWD),PENDING RESEARCH,,"77,816"
internationalstairproductsinc,Retail,PENDING RESEARCH,,"4,620,264"
thageel,Wholesale and distribution services (MWD),PENDING RESEARCH,,0
manexusa5,Manufacturing (MWD),PENDING RESEARCH,manex-usa.com,"3,798,043"
powerplastics3,Manufacturing (MWD),PENDING RESEARCH,,"7,095,950"
metaltechinc2,Manufacturing (MWD),PENDING RESEARCH,,"358,107"
flplumbing,Retail,PENDING RESEARCH,,0
rawlovesunscreen,Retail,PENDING RESEARCH,,"33,984"
doubleldistributors,Manufacturing (MWD),PENDING RESEARCH,,"7,667,199"
bedsbydesign3,Retail,PENDING RESEARCH,bedsbydesign.net,0
electricalgeneratorsandpumpservicesltd,Manufacturing (MWD),PENDING RESEARCH,,"1,804,447"
rillfoods5,Manufacturing (MWD),PENDING RESEARCH,rillfoods.com,"1,096,418"
triteksystemsinc,Manufacturing (MWD),PENDING RESEARCH,,"5,503,793"
araocigars,Wholesale and distribution services (MWD),PENDING RESEARCH,,"94,128"
rockymountainstickerco,Wholesale and distribution services (MWD),PENDING RESEARCH,,"9,475"
worksafetyllc,Retail,PENDING RESEARCH,,"68,544"
jmbeverage,Wholesale and distribution services (MWD),PENDING RESEARCH,metbev.com,"135,480"
collinbox4,Wholesale and distribution services (MWD),PENDING RESEARCH,,"2,265,181"
armacorpinc,Wholesale and distribution services (MWD),PENDING RESEARCH,,"6,392,544"
hefestustech2,Wholesale and distribution services (MWD),PENDING RESEARCH,,"9,528,269"
allenproducts,Wholesale and distribution services (MWD),PENDING RESEARCH,,"31,467"
decoblades,Manufacturing (MWD),PENDING RESEARCH,,"1,281,988"
faxexpress4,Wholesale and distribution services (MWD),PENDING RESEARCH,faxexpress.com,"898,458"
magicgreensinc,Wholesale and distribution services (MWD),PENDING RESEARCH,,"1,007,460"
lonestarlinerless,Manufacturing (MWD),PENDING RESEARCH,,"298,225"
sigtinc,Manufacturing (MWD),PENDING RESEARCH,,0
artcofabricsnorthamericainc2,Wholesale and distribution services (MWD),PENDING RESEARCH,me.com,"12,025"
gowesttshirtcompany,Manufacturing (MWD),PENDING RESEARCH,,"1,666,811"
rjdrews3,Wholesale and distribution services (MWD),PENDING RESEARCH,rjdrews.com,"1,995,024"
jjsprotap,Wholesale and distribution services (MWD),PENDING RESEARCH,,"167,988"
legacysipsllc,Manufacturing (MWD),PENDING RESEARCH,,432
bluewatercas2,Wholesale and distribution services (MWD),PENDING RESEARCH,,"1,947,876"
revivalhome,Retail,PENDING RESEARCH,,"4,800"
pssmanufacturing,Manufacturing (MWD),PENDING RESEARCH,,"2,628,095"
mitralsolution,Manufacturing (MWD),PENDING RESEARCH,mitralsolution.com,"125,304"
flagguard,Retail,PENDING RESEARCH,gmail.com,0
coffeeman,Wholesale and distribution services (MWD),PENDING RESEARCH,,"182,652"
stonesystemsllc,Wholesale and distribution services (MWD),PENDING RESEARCH,,"3,506,907"
boninfantefriction2,Manufacturing (MWD),PENDING RESEARCH,boninfanteracing.com,"45,120,098"
kodiakbreakersandsuppliesinc,Retail,PENDING RESEARCH,,"1,576,278"
thermalbridgingsolutions,Wholesale and distribution services (MWD),PENDING RESEARCH,,"5,103,660"
statestreetproductsllc,Retail,PENDING RESEARCH,,0
freemansreachgreenhouses,Wholesale and distribution services (MWD),PENDING RESEARCH,,"831,953"
worryfreefood,Manufacturing (MWD),PENDING RESEARCH,,0
cefiro4,Wholesale and distribution services (MWD),PENDING RESEARCH,cefiro.ca,"1,859,841"
palmchemical,Wholesale and distribution services (MWD),PENDING RESEARCH,,0
trueworldfoodsseattlellc,Wholesale and distribution services (MWD),PENDING RESEARCH,,"12,409,675"
jellchemicals,Wholesale and distribution services (MWD),PENDING RESEARCH,,0
rscinc2,Wholesale and distribution services (MWD),PENDING RESEARCH,,"8,248,384"
masterchefpr2,Wholesale and distribution services (MWD),PENDING RESEARCH,,"2,209,741"
alltrussinc,Manufacturing (MWD),PENDING RESEARCH,,0
bestquiltsewknitproductsltd,Wholesale and distribution services (MWD),PENDING RESEARCH,,"350,813"
harborcitysupply,Retail,PENDING RESEARCH,,"2,102,866"
donamireyainc,Wholesale and distribution services (MWD),PENDING RESEARCH,,"3,136,648"
twentyoneagain,Manufacturing (MWD),PENDING RESEARCH,,"96,300"
independenteyewearcollective,Wholesale and distribution services (MWD),PENDING RESEARCH,,0
shopsosafe,Retail,PENDING RESEARCH,,0
wcsoilworks,Manufacturing (MWD),PENDING RESEARCH,,0
rivergatedoorsupply,Wholesale and distribution services (MWD),PENDING RESEARCH,,0
floorsandtilesinc2,Retail,PENDING RESEARCH,,"2,690"
jaecoortho,Manufacturing (MWD),PENDING RESEARCH,,"130,756"
cvhinternational,Manufacturing (MWD),PENDING RESEARCH,,"8,502,126"
dylanblakecustoms,Retail,PENDING RESEARCH,,0
hrroofingsupply,Wholesale and distribution services (MWD),PENDING RESEARCH,,"5,707,887"
sigscompany,Wholesale and distribution services (MWD),PENDING RESEARCH,,"12,162"
bcfluidpowerofflorence2,Wholesale and distribution services (MWD),PENDING RESEARCH,,0
brazukacorp,Wholesale and distribution services (MWD),PENDING RESEARCH,,"448,678"
lubelska,Retail,PENDING RESEARCH,,"925,163"
cotektheamericas,Wholesale and distribution services (MWD),PENDING RESEARCH,,"1,586,103"
jollygl,Wholesale and distribution services (MWD),PENDING RESEARCH,,0
earthworksnaturalorganics,Wholesale and distribution services (MWD),PENDING RESEARCH,,"23,772,698"
thunderbirdjewelryinc3,Retail,PENDING RESEARCH,,0
blissgourmet,Manufacturing (MWD),PENDING RESEARCH,,"922,470"
echolifellc,Retail,PENDING RESEARCH,,0
gsi2,Manufacturing (MWD),PENDING RESEARCH,,0
airtecusa,Wholesale and distribution services (MWD),PENDING RESEARCH,,"3,953,669"
terraboundsolutions,Retail,PENDING RESEARCH,,"1,408,958"
fetterenterprisesincdbadebrovys,Wholesale and distribution services (MWD),PENDING RESEARCH,,"11,973"
proautodealersupplyinc,Wholesale and distribution services (MWD),PENDING RESEARCH,,"771,025"
thebuyingnetwork2,Wholesale and distribution services (MWD),PENDING RESEARCH,,"1,114,269"
evenmix,Manufacturing (MWD),PENDING RESEARCH,,"1,506,470"
turnkeylogisticsdbamegamaterials,Wholesale and distribution services (MWD),PENDING RESEARCH,,0
terrastonellc2,Retail,PENDING RESEARCH,,"1,835,192"
marlinzpharma2,Wholesale and distribution services (MWD),PENDING RESEARCH,,"7,914,293"
risecannabis,Retail,PENDING RESEARCH,,"298,224"
cmtenvironmetnalcontrols,Wholesale and distribution services (MWD),PENDING RESEARCH,,0
absoluteworkwear,Manufacturing (MWD),PENDING RESEARCH,,"453,738"
jdcsupply,Wholesale and distribution services (MWD),PENDING RESEARCH,,"2,653,356"
metspeedlabel,Manufacturing (MWD),PENDING RESEARCH,,"5,372,292"
aragososouthllc,Wholesale and distribution services (MWD),PENDING RESEARCH,,"20,016"
ipibybison,Manufacturing (MWD),PENDING RESEARCH,,"2,650,186"
honestwaterfilter,Wholesale and distribution services (MWD),PENDING RESEARCH,,"2,598,511"
castlebar3,Wholesale and distribution services (MWD),PENDING RESEARCH,,72
oakridgefoamandcoatingsystemsinc,Wholesale and distribution services (MWD),PENDING RESEARCH,,"2,824,503"
dragonpowerpromo,Wholesale and distribution services (MWD),PENDING RESEARCH,,"201,477"
protronixcontrols3,Wholesale and distribution services (MWD),PENDING RESEARCH,,"1,868,670"
rawfood,Manufacturing (MWD),PENDING RESEARCH,,0
expresscrossdockingllc,Wholesale and distribution services (MWD),PENDING RESEARCH,,"385,835"
novalighting,Wholesale and distribution services (MWD),PENDING RESEARCH,,"13,426,652"
gonzalezcarpetsuppliesllc,Retail,PENDING RESEARCH,,"2,630,905"
octopusgdn,Wholesale and distribution services (MWD),PENDING RESEARCH,,"1,046,201"
advancedmarinefabricationllc2,Manufacturing (MWD),PENDING RESEARCH,,"328,284"
mobilitycityoflubbocktx,Wholesale and distribution services (MWD),PENDING RESEARCH,www.mobilitycity.com,0
stockman,Manufacturing (MWD),PENDING RESEARCH,manex-usa.com,"1,574,872"
eworkflows,Wholesale and distribution services (MWD),PENDING RESEARCH,,
laaztecafoods,Wholesale and distribution services (MWD),PENDING RESEARCH,,"6,662,658"
minagroafricaresources,Manufacturing (MWD),PENDING RESEARCH,,0
btlrtl2,Retail,PENDING RESEARCH,,0
latortillavelozinc,Wholesale and distribution services (MWD),PENDING RESEARCH,,"5,165,401"
sunshinedaydreamfarm,Wholesale and distribution services (MWD),PENDING RESEARCH,,0
bcfluidpowerofflorence3,Wholesale and distribution services (MWD),PENDING RESEARCH,,"4,430"
goldanddiamonds,Retail,PENDING RESEARCH,,"47,247"
zendeskinc2,Retail,PENDING RESEARCH,,0
synergyelectricsales,Wholesale and distribution services (MWD),PENDING RESEARCH,,0
emblembuilt,Manufacturing (MWD),PENDING RESEARCH,emblembuilt.com,"240,000"
koatji3,Wholesale and distribution services (MWD),PENDING RESEARCH,,"1,536,263"
judeclothingservice,Manufacturing (MWD),PENDING RESEARCH,,0
hengemiami,Retail,PENDING RESEARCH,,0
arkconcrete,Wholesale and distribution services (MWD),PENDING RESEARCH,,"9,835"
mccartyofficemachinesinc,Retail,PENDING RESEARCH,,"1,899,891"
hydroeci,Manufacturing (MWD),PENDING RESEARCH,,0
plainhonest,Retail,PENDING RESEARCH,,0
bellevilleindustries,Manufacturing (MWD),PENDING RESEARCH,,0
devtrial,Manufacturing (MWD),PENDING RESEARCH,,0
intelligentvistamedinc,Retail,PENDING RESEARCH,,0
pipeandmetalcenteroftexas,Wholesale and distribution services (MWD),PENDING RESEARCH,,0
woodfieldpress,Wholesale and distribution services (MWD),PENDING RESEARCH,,"203,789"
cajunkleenproductsllc,Manufacturing (MWD),PENDING RESEARCH,cajunkleen.com,"387,495"
saeed3,Manufacturing (MWD),PENDING RESEARCH,,"1,958,197"
doorsmith,Manufacturing (MWD),PENDING RESEARCH,,"10,631,010"
dvt,Manufacturing (MWD),PENDING RESEARCH,,0
harmonyalexapressllc,Wholesale and distribution services (MWD),PENDING RESEARCH,,"1,167,568"
comfortworkspace,Wholesale and distribution services (MWD),PENDING RESEARCH,,"515,096"
trinivamanagementgroup,Manufacturing (MWD),PENDING RESEARCH,,0
capitalsuppliesinc,Wholesale and distribution services (MWD),PENDING RESEARCH,,"1,332,802"
aqbconsultancy,Retail,PENDING RESEARCH,,"120,000"
evitabletransportationagencyllc2,Wholesale and distribution services (MWD),PENDING RESEARCH,,"42,072"
jrunited3,Wholesale and distribution services (MWD),PENDING RESEARCH,jrunited.com,0
miltonwbosleyandco,Manufacturing (MWD),PENDING RESEARCH,,"1,427,627"
unitedglobaltradingcorp9,Wholesale and distribution services (MWD),PENDING RESEARCH,unitedglobaltradingcorp.com,0
csw2,Wholesale and distribution services (MWD),PENDING RESEARCH,,"390,830"
ampedsoftwareusa,Retail,PENDING RESEARCH,,"2,111,100"
handicapsign,Retail,PENDING RESEARCH,,0
m11errolqbdtrightdemo,Retail,PENDING RESEARCH,,"7,510"
bisonoutdoorproducts2,Wholesale and distribution services (MWD),PENDING RESEARCH,,"107,382"
environmentalequipment2,Wholesale and distribution services (MWD),PENDING RESEARCH,,0
chipmunkhillwoodworking,Manufacturing (MWD),PENDING RESEARCH,,"2,281,574"
williselectricalsalesoftexas,Manufacturing (MWD),PENDING RESEARCH,williselectrical.com,0
cardinalcomms3,Retail,PENDING RESEARCH,cardinalcomms.com,"1,593,557"
cmshuster,Wholesale and distribution services (MWD),PENDING RESEARCH,,0
anylabtestnow3,Retail,PENDING RESEARCH,,"117,320"
bostonwhaler,Wholesale and distribution services (MWD),PENDING RESEARCH,,0
calpacificsupply,Retail,PENDING RESEARCH,,0
abcorlandolumberandhardware2,Wholesale and distribution services (MWD),PENDING RESEARCH,,0
waccessoriesnyc,Wholesale and distribution services (MWD),PENDING RESEARCH,,"2,828,007"
chicagofirefurniture2,Manufacturing (MWD),PENDING RESEARCH,,"26,160"
xinyujiangxicn,Wholesale and distribution services (MWD),PENDING RESEARCH,,0
pittmanoilcompany,Wholesale and distribution services (MWD),PENDING RESEARCH,,"6,067,755"
brivester,Retail,PENDING RESEARCH,,"93,740,171"
tropicalroots,Wholesale and distribution services (MWD),PENDING RESEARCH,,0
indigenousimaginationworkshop,Retail,PENDING RESEARCH,,"36,313"
deltalogisticsinc,Wholesale and distribution services (MWD),PENDING RESEARCH,glopak.com,"9,600"
ibidmachinery,Wholesale and distribution services (MWD),PENDING RESEARCH,,"15,444"
luxuryharrods,Wholesale and distribution services (MWD),PENDING RESEARCH,,0
ptharargeneraltrading,Wholesale and distribution services (MWD),PENDING RESEARCH,,"7,084,716"
hifresh,Wholesale and distribution services (MWD),PENDING RESEARCH,,"65,427"
mngfoods,Wholesale and distribution services (MWD),PENDING RESEARCH,,"23,948"
acapp,Manufacturing (MWD),PENDING RESEARCH,,"182,568"
toronaturallabsltd,Wholesale and distribution services (MWD),PENDING RESEARCH,,0
tweezerdistributors,Retail,PENDING RESEARCH,,"12,384,759,914"
zephyrbhs,Manufacturing (MWD),PENDING RESEARCH,,60
corbymechanicalservices,Manufacturing (MWD),PENDING RESEARCH,cms-spares.co.uk,"411,952"
frispycrispy,Retail,PENDING RESEARCH,,"7,564,204"
maritimegoodfood,Wholesale and distribution services (MWD),PENDING RESEARCH,,"668,538"
manexusa5restore20251219,Manufacturing (MWD),PENDING RESEARCH,manex-usa.com,"2,934,264"
supremeconceptsproprietarylimited,Retail,PENDING RESEARCH,,0
preferpack,Wholesale and distribution services (MWD),PENDING RESEARCH,,"3,808,650"
jandgculvertsinc,Wholesale and distribution services (MWD),PENDING RESEARCH,,"1,689,436"
fabbian,Wholesale and distribution services (MWD),PENDING RESEARCH,,0
bmdistributorsllc,Wholesale and distribution services (MWD),PENDING RESEARCH,,"825,927"
theappliancebarnfl,Retail,PENDING RESEARCH,,0
agoradistributioninc,Manufacturing (MWD),PENDING RESEARCH,,"980,483"
garcyusa,Manufacturing (MWD),PENDING RESEARCH,,0
test212,Wholesale and distribution services (MWD),PENDING RESEARCH,,0
cravenscoffee,Wholesale and distribution services (MWD),PENDING RESEARCH,,0
joeythecoffeeguy,Manufacturing (MWD),PENDING RESEARCH,,0
aeromarinebiotechllc,Manufacturing (MWD),PENDING RESEARCH,,"610,920"
trikketechinc,Manufacturing (MWD),PENDING RESEARCH,trikke.com,"2,294,395"
dukesmetal,Wholesale and distribution services (MWD),PENDING RESEARCH,,"14,509,137"
simplywardrobes,Retail,PENDING RESEARCH,,0
hyfloequipmentcompany3restore20260106,Retail,PENDING RESEARCH,,"4,837,738"
m11megaelevatorparts2qbdttoqbdt,Wholesale and distribution services (MWD),PENDING RESEARCH,,0
allantest,Manufacturing (MWD),PENDING RESEARCH,,0
test188,Retail,PENDING RESEARCH,,0
m11harmanqbdtdesktop,Manufacturing (MWD),PENDING RESEARCH,,"6,044,178"
georgiapowdercoating3restore20251005,Manufacturing (MWD),PENDING RESEARCH,,0
strigliaenterprisesdemos,Manufacturing (MWD),PENDING RESEARCH,striglia.net  and cloudservicegeeks.com,0
georgiapowdercoating2restore20250813,Manufacturing (MWD),PENDING RESEARCH,,0
tppincrestore20250705,Wholesale and distribution services (MWD),PENDING RESEARCH,,0
tppincrestore20250625,Wholesale and distribution services (MWD),PENDING RESEARCH,,0
m11leonidas2,Retail,PENDING RESEARCH,,0
m11michaeldemo2025,Manufacturing (MWD),PENDING RESEARCH,,0
m11populatorqbdt,Retail,PENDING RESEARCH,,0
m112025salesa,Wholesale and distribution services (MWD),PENDING RESEARCH,,"924,876"
m11nirmithdalmeida,Retail,PENDING RESEARCH,,0
m11arshimt,Retail,PENDING RESEARCH,,0
rainbowconcreteindustrieslimitedrestore20251124,Manufacturing (MWD),PENDING RESEARCH,,0
m11qbdtmethodlearns,Retail,PENDING RESEARCH,,"7,680"
gtsimulatorsrestore20250502,Retail,PENDING RESEARCH,www.ibtcusa.com,0
progressivewestman3restore20250625,Wholesale and distribution services (MWD),PENDING RESEARCH,progressivewestman.ca,0
progressivewestman3restore20250703,Wholesale and distribution services (MWD),PENDING RESEARCH,progressivewestman.ca,0
m11harmanluxbranding,Retail,PENDING RESEARCH,,0
m18milafieldservices,Wholesale and distribution services (MWD),PENDING RESEARCH,,0
terrapin2restore20251202,Manufacturing (MWD),PENDING RESEARCH,gmail.com,0
m11newinderqbo,Wholesale and distribution services (MWD),PENDING RESEARCH,,"76,863"
m11katherinquijano,Manufacturing (MWD),PENDING RESEARCH,,0
m11tfriedlapril4th2024,Wholesale and distribution services (MWD),Printed Circuit Board Manufacturing Equipment & Supplies,,0
m11ayushipatel,Wholesale and distribution services (MWD),PENDING RESEARCH,,0
m11yasarzamanmethodlearns,Wholesale and distribution services (MWD),PENDING RESEARCH,,0
m11karman,Retail,PENDING RESEARCH,,0
m11weightechusaqbdttoqbdtrestore20240220,Retail,PENDING RESEARCH,,0
legalpuppymill,Retail,PENDING RESEARCH,,0
transmetroninc3restore20250119,Retail,PENDING RESEARCH,gmail.com,0
transmetroninc3restore20250218,Retail,PENDING RESEARCH,gmail.com,0
m11glicksmanglicklane,Retail,PENDING RESEARCH,,0
m11justincos,Retail,PENDING RESEARCH,,0
enzusaincrestore20251223,Manufacturing (MWD),Sewer & Pipe Cleaning Equipment - Water Jetting Technology,enz.com,"5,908,753"
m11jakemurrayqbdtc,Retail,PENDING RESEARCH,,0
cbsi,Manufacturing (MWD),PENDING RESEARCH,live.com,0
vipsupplycorestore20250904,Retail,PENDING RESEARCH,vipsupplyco.com,0
vipsupplycorestore20250903,Retail,PENDING RESEARCH,vipsupplyco.com,0
vipsupplycorestore20250915,Retail,PENDING RESEARCH,vipsupplyco.com,0
getboldrestore20250306,Manufacturing (MWD),PENDING RESEARCH,getbold.com,0
b2bepartners,Manufacturing (MWD),PENDING RESEARCH,www.b2bepartners.com,0
kearfabricationrestore20251218,Manufacturing (MWD),PENDING RESEARCH,kearmfg.com,"3,022,005"
retrocraft,Manufacturing (MWD),PENDING RESEARCH,retrocraft.co.za,0
rightnetworks5,Retail,PENDING RESEARCH,,0
m11testaccount3,Wholesale and distribution services (MWD),PENDING RESEARCH,,0
megaelevatorparts2restore20250904,Wholesale and distribution services (MWD),PENDING RESEARCH,pnatc.com,0
megaelevatorparts2restore20251119,Wholesale and distribution services (MWD),PENDING RESEARCH,pnatc.com,0
m11prestigeislandexportsmigration,Wholesale and distribution services (MWD),PENDING RESEARCH,,0
walicom,Wholesale and distribution services (MWD),PENDING RESEARCH,gmail.com,"1,568,823"
m11accountqboappstore1,Wholesale and distribution services (MWD),PENDING RESEARCH,,0
westerndovetailinc2restore20250523,Manufacturing (MWD),PENDING RESEARCH,drawer.com,0
westerndovetailinc2restore20251001,Manufacturing (MWD),PENDING RESEARCH,drawer.com,0
westerndovetailinc2restore20251006,Manufacturing (MWD),PENDING RESEARCH,drawer.com,0
westerndovetailinc2restore20251014,Manufacturing (MWD),PENDING RESEARCH,drawer.com,0
m11marinaqbg,Retail,PENDING RESEARCH,,0
m11NonSyncingApps,Retail,PENDING RESEARCH,,0
m11errolqbdt20211105,Retail,PENDING RESEARCH,,0
pinnacleindustrialsupplyrestore20250910,Wholesale and distribution services (MWD),PENDING RESEARCH,pinnacleca.com,0
pinnacleindustrialsupplyrestore20251007,Wholesale and distribution services (MWD),PENDING RESEARCH,pinnacleca.com,0
m11carpetcleaningxero049,Retail,PENDING RESEARCH,,0
pcjuicerestaurant,Manufacturing (MWD),PENDING RESEARCH,,0
pl32457001,Retail,PENDING RESEARCH,,0
hettagloggrestore20250218,Wholesale and distribution services (MWD),PENDING RESEARCH,,0
PopAndSkateCompany2021,Manufacturing (MWD),PENDING RESEARCH,,0
m11testQBDTAnna,Retail,PENDING RESEARCH,,0
DMM2021,Wholesale and distribution services (MWD),PENDING RESEARCH,,0
knexmethodrestore20241222,Manufacturing (MWD),PENDING RESEARCH,knex-ww.com,0
knexmethodrestore20250209,Manufacturing (MWD),PENDING RESEARCH,knex-ww.com,0
knexmethodrestore20250325,Manufacturing (MWD),PENDING RESEARCH,knex-ww.com,0
m11QAXeroAccount1,Retail,PENDING RESEARCH,,0
m11MilaMulticurrencyUS,Manufacturing (MWD),PENDING RESEARCH,,0
m11MilaMulticurrencyCA,Retail,PENDING RESEARCH,,0
m18ErrolFieldServices,Manufacturing (MWD),PENDING RESEARCH,,0
m11milaautoqboca6,Retail,PENDING RESEARCH,,0
m1testmethod,Retail,PENDING RESEARCH,,0
m11AnjaliBootcamp,Manufacturing (MWD),PENDING RESEARCH,,0
TemplateMethodNewXero,Retail,PENDING RESEARCH,,0
saasdirectCo1,Manufacturing (MWD),PENDING RESEARCH,,0
yoderbiltrestore20251215,Manufacturing (MWD),Outdoor Living Products Manufacturing,yoderbilt.com,"2,925,213"
m11vgqbo,Retail,PENDING RESEARCH,,0
m11milaautoqboca4,Retail,PENDING RESEARCH,,0
labelbubble,Retail,PENDING RESEARCH,,0
m11AcentrixStockCA,Retail,PENDING RESEARCH,,0
tfriedlrestore20231025,Wholesale and distribution services (MWD),Printed Circuit Board Manufacturing Equipment & Supplies,,0
tfriedlrestore20240612,Wholesale and distribution services (MWD),Printed Circuit Board Manufacturing Equipment & Supplies,,0
m11StockAppsQBDT,Wholesale and distribution services (MWD),PENDING RESEARCH,,0
best4youservicescom,Manufacturing (MWD),PENDING RESEARCH,,0
best4u,Manufacturing (MWD),PENDING RESEARCH,,0
dhsoftwarealliance1,Manufacturing (MWD),PENDING RESEARCH,,0
m11ErrolZapier,Manufacturing (MWD),PENDING RESEARCH,,0
m11ErrolQBDTCustomize,Manufacturing (MWD),PENDING RESEARCH,,"221,016"
afghanicts,Wholesale and distribution services (MWD),PENDING RESEARCH,,0
cunninghampianocorestore20250515,Retail,PENDING RESEARCH,,0
cunninghampianocorestore20250526,Retail,Piano Sales & Service,,0
blkcorprestore20240930,Wholesale and distribution services (MWD),Shadow Board & Foam Inlay Manufacturing,,0
blkcorprestore20251119,Wholesale and distribution services (MWD),Shadow Board & Foam Inlay Manufacturing,,0
dimagesinc,Manufacturing (MWD),PENDING RESEARCH,,"16,734"
fujimatsrestore20251204,Manufacturing (MWD),Sporting Goods Manufacturing - Martial Arts Equipment,,"108,284"
m11methoddanst,Retail,PENDING RESEARCH,,0
ctrestore20251124,Wholesale and distribution services (MWD),European Tile & Stone Importing - Premium Ceramics,,0
m11errolpuzzles,Manufacturing (MWD),PENDING RESEARCH,,0
m11sammydemo,Manufacturing (MWD),PENDING RESEARCH,,0
hidcorindrestore20241027,Manufacturing (MWD),PENDING RESEARCH,,0
hidcorindrestore20241124,Manufacturing (MWD),PENDING RESEARCH,,0
agralarm1restore20241015,Manufacturing (MWD),PENDING RESEARCH,,0
agralarm1restore20251012,Manufacturing (MWD),Agricultural Monitoring & Alarm Systems - Poultry/Livestock,,0
elmusarestore20250420,Wholesale and distribution services (MWD),MULTIPLE COMPANIES - Requires Clarification,,0
elmusarestore20250529,Wholesale and distribution services (MWD),MULTIPLE COMPANIES - Requires Clarification,,0
templatepsqboglobal,Manufacturing (MWD),PENDING RESEARCH,,0
m11demomarciaqbd,Retail,PENDING RESEARCH,,0
atlanticgraphicsrestore20250507,Manufacturing (MWD),Printing Machinery Distribution - New & Pre-Owned,,0
m11methodyuriint,Manufacturing (MWD),PENDING RESEARCH,,0
globalgatecontrolsrestore20250303,Retail,Access Control Equipment Distribution,,0
ntgproductsrestore20251031,Manufacturing (MWD),Precision Tool & Centerless Grinding Services,,0
demootbt,Wholesale and distribution services (MWD),PENDING RESEARCH,,0
pcdoctor,Retail,PENDING RESEARCH,,0
templatecas,Wholesale and distribution services (MWD),PENDING RESEARCH,www.businessqb.com,0
templatekerryriddle,Wholesale and distribution services (MWD),PENDING RESEARCH,www.riddleinc.net,0
templatepaulettedreher,Manufacturing (MWD),PENDING RESEARCH,,"6,832,607"
templatedavidglantz,Wholesale and distribution services (MWD),PENDING RESEARCH,,0
