account,field,num_discrepancies
rhinoskintoughusainc,"industry_vs_vertical, industry_vs_industry_research, sub_industry, workflow_pattern, qbo_industry_vs_sector, total_events, classification_source, confidence",8
classicrockfaceblock,"industry_vs_vertical, industry_vs_industry_research, sub_industry, workflow_pattern, qbo_industry_vs_sector, total_events, classification_source, confidence",8
commfitness3,"industry_vs_vertical, industry_vs_industry_research, sub_industry, workflow_pattern, qbo_industry_vs_sector, total_events, classification_source, confidence",8
commonwealthindustrialinc,"industry_vs_vertical, industry_vs_industry_research, sub_industry, workflow_pattern, qbo_industry_vs_sector, total_events, classification_source, confidence",8
cooksmart2,"industry_vs_vertical, industry_vs_industry_research, sub_industry, workflow_pattern, qbo_industry_vs_sector, total_events, classification_source, confidence",8
northamericamattresscorp,"industry_vs_vertical, industry_vs_industry_research, sub_industry, workflow_pattern, qbo_industry_vs_sector, total_events, classification_source, confidence",8
coolsealgaskets,"industry_vs_vertical, industry_vs_industry_research, sub_industry, workflow_pattern, qbo_industry_vs_sector, total_events, classification_source, confidence",8
cpvusanew,"industry_vs_vertical, industry_vs_industry_research, sub_industry, workflow_pattern, qbo_industry_vs_sector, total_events, classification_source, confidence",8
crimsonimaging,"industry_vs_vertical, industry_vs_industry_research, sub_industry, workflow_pattern, qbo_industry_vs_sector, total_events, classification_source, confidence",8
safetnose,"industry_vs_vertical, industry_vs_industry_research, sub_industry, workflow_pattern, qbo_industry_vs_sector, total_events, classification_source, confidence",8
ct,"industry_vs_vertical, industry_vs_industry_research, sub_industry, workflow_pattern, qbo_industry_vs_sector, total_events, classification_source, confidence",8
sacredstudiosinc,"industry_vs_vertical, industry_vs_industry_research, sub_industry, workflow_pattern, qbo_industry_vs_sector, total_events, classification_source, confidence",8
sabradental,"industry_vs_vertical, industry_vs_industry_research, sub_industry, workflow_pattern, qbo_industry_vs_sector, total_events, classification_source, confidence",8
helenarosejewelry,"industry_vs_vertical, industry_vs_industry_research, sub_industry, workflow_pattern, qbo_industry_vs_sector, total_events, classification_source, confidence",8
roadrunner2,"industry_vs_vertical, industry_vs_industry_research, sub_industry, workflow_pattern, qbo_industry_vs_sector, total_events, classification_source, confidence",8
novamen,"industry_vs_vertical, industry_vs_industry_research, sub_industry, workflow_pattern, qbo_industry_vs_sector, total_events, classification_source, confidence",8
daiwahealthdevelopment,"industry_vs_vertical, industry_vs_industry_research, sub_industry, workflow_pattern, qbo_industry_vs_sector, total_events, classification_source, confidence",8
dalmatianfireequipment,"industry_vs_vertical, industry_vs_industry_research, sub_industry, workflow_pattern, qbo_industry_vs_sector, total_events, classification_source, confidence",8
davishoseinc,"industry_vs_vertical, industry_vs_industry_research, sub_industry, workflow_pattern, qbo_industry_vs_sector, total_events, classification_source, confidence",8
deansbeansorganiccoffee4,"industry_vs_vertical, industry_vs_industry_research, sub_industry, workflow_pattern, qbo_industry_vs_sector, total_events, classification_source, confidence",8
deccanfoods4,"industry_vs_vertical, industry_vs_industry_research, sub_industry, workflow_pattern, qbo_industry_vs_sector, total_events, classification_source, confidence",8
repssinc,"industry_vs_vertical, industry_vs_industry_research, sub_industry, workflow_pattern, qbo_industry_vs_sector, total_events, classification_source, confidence",8
nxtchlng,"industry_vs_vertical, industry_vs_industry_research, sub_industry, workflow_pattern, qbo_industry_vs_sector, total_events, classification_source, confidence",8
diamondbladedistributorsllc,"industry_vs_vertical, industry_vs_industry_research, sub_industry, workflow_pattern, qbo_industry_vs_sector, total_events, classification_source, confidence",8
redstonetechnical,"industry_vs_vertical, industry_vs_industry_research, sub_industry, workflow_pattern, qbo_industry_vs_sector, total_events, classification_source, confidence",8
coastalwipers,"industry_vs_vertical, industry_vs_industry_research, sub_industry, workflow_pattern, qbo_industry_vs_sector, total_events, classification_source, confidence",8
holdit,"industry_vs_vertical, industry_vs_industry_research, sub_industry, workflow_pattern, qbo_industry_vs_sector, total_events, classification_source, confidence",8
icandyenergydrink,"industry_vs_vertical, industry_vs_industry_research, sub_industry, workflow_pattern, qbo_industry_vs_sector, total_events, classification_source, confidence",8
clandestinelabz,"industry_vs_vertical, industry_vs_industry_research, sub_industry, workflow_pattern, qbo_industry_vs_sector, total_events, classification_source, confidence",8
brownsafe,"industry_vs_vertical, industry_vs_industry_research, sub_industry, workflow_pattern, qbo_industry_vs_sector, total_events, classification_source, confidence",8
mpactbeverage2,"industry_vs_vertical, industry_vs_industry_research, sub_industry, workflow_pattern, qbo_industry_vs_sector, total_events, classification_source, confidence",8
ssifiresolutions,"industry_vs_vertical, industry_vs_industry_research, sub_industry, workflow_pattern, qbo_industry_vs_sector, total_events, classification_source, confidence",8
southweststeelfabrication,"industry_vs_vertical, industry_vs_industry_research, sub_industry, workflow_pattern, qbo_industry_vs_sector, total_events, classification_source, confidence",8
callanindustrial,"industry_vs_vertical, industry_vs_industry_research, sub_industry, workflow_pattern, qbo_industry_vs_sector, total_events, classification_source, confidence",8
camachocoffee,"industry_vs_vertical, industry_vs_industry_research, sub_industry, workflow_pattern, qbo_industry_vs_sector, total_events, classification_source, confidence",8
gitchsportswearCo1,"industry_vs_vertical, industry_vs_industry_research, sub_industry, workflow_pattern, qbo_industry_vs_sector, total_events, classification_source, confidence",8
capitalabrasivesllc,"industry_vs_vertical, industry_vs_industry_research, sub_industry, workflow_pattern, qbo_industry_vs_sector, total_events, classification_source, confidence",8
cappadociarugsllc,"industry_vs_vertical, industry_vs_industry_research, sub_industry, workflow_pattern, qbo_industry_vs_sector, total_events, classification_source, confidence",8
solsticeag,"industry_vs_vertical, industry_vs_industry_research, sub_industry, workflow_pattern, qbo_industry_vs_sector, total_events, classification_source, confidence",8
carlsondockandbarge,"industry_vs_vertical, industry_vs_industry_research, sub_industry, workflow_pattern, qbo_industry_vs_sector, total_events, classification_source, confidence",8
carolinalightinggroup,"industry_vs_vertical, industry_vs_industry_research, sub_industry, workflow_pattern, qbo_industry_vs_sector, total_events, classification_source, confidence",8
solshinehair,"industry_vs_vertical, industry_vs_industry_research, sub_industry, workflow_pattern, qbo_industry_vs_sector, total_events, classification_source, confidence",8
cassinala2,"industry_vs_vertical, industry_vs_industry_research, sub_industry, workflow_pattern, qbo_industry_vs_sector, total_events, classification_source, confidence",8
socalfencesupply2,"industry_vs_vertical, industry_vs_industry_research, sub_industry, workflow_pattern, qbo_industry_vs_sector, total_events, classification_source, confidence",8
cathxmedicalinc2,"industry_vs_vertical, industry_vs_industry_research, sub_industry, workflow_pattern, qbo_industry_vs_sector, total_events, classification_source, confidence",8
catsfilters,"industry_vs_vertical, industry_vs_industry_research, sub_industry, workflow_pattern, qbo_industry_vs_sector, total_events, classification_source, confidence",8
cbsolutionslp,"industry_vs_vertical, industry_vs_industry_research, sub_industry, workflow_pattern, qbo_industry_vs_sector, total_events, classification_source, confidence",8
celluma,"industry_vs_vertical, industry_vs_industry_research, sub_industry, workflow_pattern, qbo_industry_vs_sector, total_events, classification_source, confidence",8
smokinggoose2,"industry_vs_vertical, industry_vs_industry_research, sub_industry, workflow_pattern, qbo_industry_vs_sector, total_events, classification_source, confidence",8
cggschmidt2,"industry_vs_vertical, industry_vs_industry_research, sub_industry, workflow_pattern, qbo_industry_vs_sector, total_events, classification_source, confidence",8
smindustries3,"industry_vs_vertical, industry_vs_industry_research, sub_industry, workflow_pattern, qbo_industry_vs_sector, total_events, classification_source, confidence",8
holeintheroof2,"industry_vs_vertical, industry_vs_industry_research, sub_industry, workflow_pattern, qbo_industry_vs_sector, total_events, classification_source, confidence",8
redeagleinternational,"industry_vs_vertical, industry_vs_industry_research, sub_industry, workflow_pattern, qbo_industry_vs_sector, total_events, classification_source, confidence",8
red88eyewearinc,"industry_vs_vertical, industry_vs_industry_research, sub_industry, workflow_pattern, qbo_industry_vs_sector, total_events, classification_source, confidence",8
reaganwirelesscorp,"industry_vs_vertical, industry_vs_industry_research, sub_industry, workflow_pattern, qbo_industry_vs_sector, total_events, classification_source, confidence",8
dosesteel2,"industry_vs_vertical, industry_vs_industry_research, sub_industry, workflow_pattern, qbo_industry_vs_sector, total_events, classification_source, confidence",8
fencetrac2,"industry_vs_vertical, industry_vs_industry_research, sub_industry, workflow_pattern, qbo_industry_vs_sector, total_events, classification_source, confidence",8
procurementequipment,"industry_vs_vertical, industry_vs_industry_research, sub_industry, workflow_pattern, qbo_industry_vs_sector, total_events, classification_source, confidence",8
privatelabelsupport,"industry_vs_vertical, industry_vs_industry_research, sub_industry, workflow_pattern, qbo_industry_vs_sector, total_events, classification_source, confidence",8
permarkbadges2,"industry_vs_vertical, industry_vs_industry_research, sub_industry, workflow_pattern, qbo_industry_vs_sector, total_events, classification_source, confidence",8
prestigeislandexports,"industry_vs_vertical, industry_vs_industry_research, sub_industry, workflow_pattern, qbo_industry_vs_sector, total_events, classification_source, confidence",8
precisionsurgicalinc,"industry_vs_vertical, industry_vs_industry_research, sub_industry, workflow_pattern, qbo_industry_vs_sector, total_events, classification_source, confidence",8
flipoffice4,"industry_vs_vertical, industry_vs_industry_research, sub_industry, workflow_pattern, qbo_industry_vs_sector, total_events, classification_source, confidence",8
pfpspokane2,"industry_vs_vertical, industry_vs_industry_research, sub_industry, workflow_pattern, qbo_industry_vs_sector, total_events, classification_source, confidence",8
foodsalive,"industry_vs_vertical, industry_vs_industry_research, sub_industry, workflow_pattern, qbo_industry_vs_sector, total_events, classification_source, confidence",8
formersinternational5,"industry_vs_vertical, industry_vs_industry_research, sub_industry, workflow_pattern, qbo_industry_vs_sector, total_events, classification_source, confidence",8
fosterus,"industry_vs_vertical, industry_vs_industry_research, sub_industry, workflow_pattern, qbo_industry_vs_sector, total_events, classification_source, confidence",8
fuelinjectorclinic2,"industry_vs_vertical, industry_vs_industry_research, sub_industry, workflow_pattern, qbo_industry_vs_sector, total_events, classification_source, confidence",8
goldnerdockconstruction,"industry_vs_vertical, industry_vs_industry_research, sub_industry, workflow_pattern, qbo_industry_vs_sector, total_events, classification_source, confidence",8
pneumaticplus,"industry_vs_vertical, industry_vs_industry_research, sub_industry, workflow_pattern, qbo_industry_vs_sector, total_events, classification_source, confidence",8
pma13,"industry_vs_vertical, industry_vs_industry_research, sub_industry, workflow_pattern, qbo_industry_vs_sector, total_events, classification_source, confidence",8
plasmaprocessgroup4,"industry_vs_vertical, industry_vs_industry_research, sub_industry, workflow_pattern, qbo_industry_vs_sector, total_events, classification_source, confidence",8
g3packaging2,"industry_vs_vertical, industry_vs_industry_research, sub_industry, workflow_pattern, qbo_industry_vs_sector, total_events, classification_source, confidence",8
planetarydesign2,"industry_vs_vertical, industry_vs_industry_research, sub_industry, workflow_pattern, qbo_industry_vs_sector, total_events, classification_source, confidence",8
genesismachineandfabricationinc,"industry_vs_vertical, industry_vs_industry_research, sub_industry, workflow_pattern, qbo_industry_vs_sector, total_events, classification_source, confidence",8
planesights,"industry_vs_vertical, industry_vs_industry_research, sub_industry, workflow_pattern, qbo_industry_vs_sector, total_events, classification_source, confidence",8
georgiapowdercoating3,"industry_vs_vertical, industry_vs_industry_research, sub_industry, workflow_pattern, qbo_industry_vs_sector, total_events, classification_source, confidence",8
georgiastage,"industry_vs_vertical, industry_vs_industry_research, sub_industry, workflow_pattern, qbo_industry_vs_sector, total_events, classification_source, confidence",8
geotoolsusa,"industry_vs_vertical, industry_vs_industry_research, sub_industry, workflow_pattern, qbo_industry_vs_sector, total_events, classification_source, confidence",8
progressivewestman3,"industry_vs_vertical, industry_vs_industry_research, sub_industry, workflow_pattern, qbo_industry_vs_sector, total_events, classification_source, confidence",8
expressassembly1,"industry_vs_vertical, industry_vs_industry_research, sub_industry, workflow_pattern, qbo_industry_vs_sector, total_events, classification_source, confidence",8
peakperformancecampers,"industry_vs_vertical, industry_vs_industry_research, sub_industry, workflow_pattern, qbo_industry_vs_sector, total_events, classification_source, confidence",8
elecraft7,"industry_vs_vertical, industry_vs_industry_research, sub_industry, workflow_pattern, qbo_industry_vs_sector, total_events, classification_source, confidence",8
osupplies,"industry_vs_vertical, industry_vs_industry_research, sub_industry, workflow_pattern, qbo_industry_vs_sector, total_events, classification_source, confidence",8
rayhil2,"industry_vs_vertical, industry_vs_industry_research, sub_industry, workflow_pattern, qbo_industry_vs_sector, total_events, classification_source, confidence",8
outriggerpads,"industry_vs_vertical, industry_vs_industry_research, sub_industry, workflow_pattern, qbo_industry_vs_sector, total_events, classification_source, confidence",8
randolphpaper2,"industry_vs_vertical, industry_vs_industry_research, sub_industry, workflow_pattern, qbo_industry_vs_sector, total_events, classification_source, confidence",8
ozenairtechnology2,"industry_vs_vertical, industry_vs_industry_research, sub_industry, workflow_pattern, qbo_industry_vs_sector, total_events, classification_source, confidence",8
rainwatermanagmentsolutions,"industry_vs_vertical, industry_vs_industry_research, sub_industry, workflow_pattern, qbo_industry_vs_sector, total_events, classification_source, confidence",8
easternwireproducts,"industry_vs_vertical, industry_vs_industry_research, sub_industry, workflow_pattern, qbo_industry_vs_sector, total_events, classification_source, confidence",8
rainbowconcreteindustrieslimited,"industry_vs_vertical, industry_vs_industry_research, sub_industry, workflow_pattern, qbo_industry_vs_sector, total_events, classification_source, confidence",8
harbertcastingrepair,"industry_vs_vertical, industry_vs_industry_research, sub_industry, workflow_pattern, qbo_industry_vs_sector, total_events, classification_source, confidence",8
pacificergonomics,"industry_vs_vertical, industry_vs_industry_research, sub_industry, workflow_pattern, qbo_industry_vs_sector, total_events, classification_source, confidence",8
elevatedmetalscorp2,"industry_vs_vertical, industry_vs_industry_research, sub_industry, workflow_pattern, qbo_industry_vs_sector, total_events, classification_source, confidence",8
paradigmlabs,"industry_vs_vertical, industry_vs_industry_research, sub_industry, workflow_pattern, qbo_industry_vs_sector, total_events, classification_source, confidence",8
papajifoods3,"industry_vs_vertical, industry_vs_industry_research, sub_industry, workflow_pattern, qbo_industry_vs_sector, total_events, classification_source, confidence",8
qualityflooring,"industry_vs_vertical, industry_vs_industry_research, sub_industry, workflow_pattern, qbo_industry_vs_sector, total_events, classification_source, confidence",8
endlessfunllc,"industry_vs_vertical, industry_vs_industry_research, sub_industry, workflow_pattern, qbo_industry_vs_sector, total_events, classification_source, confidence",8
publicmetal,"industry_vs_vertical, industry_vs_industry_research, sub_industry, workflow_pattern, qbo_industry_vs_sector, total_events, classification_source, confidence",8
energycurve,"industry_vs_vertical, industry_vs_industry_research, sub_industry, workflow_pattern, qbo_industry_vs_sector, total_events, classification_source, confidence",8
enzusainc,"industry_vs_vertical, industry_vs_industry_research, sub_industry, workflow_pattern, qbo_industry_vs_sector, total_events, classification_source, confidence",8
equipmentguys,"industry_vs_vertical, industry_vs_industry_research, sub_industry, workflow_pattern, qbo_industry_vs_sector, total_events, classification_source, confidence",8
equipmentlockCo,"industry_vs_vertical, industry_vs_industry_research, sub_industry, workflow_pattern, qbo_industry_vs_sector, total_events, classification_source, confidence",8
equustockopcollc,"industry_vs_vertical, industry_vs_industry_research, sub_industry, workflow_pattern, qbo_industry_vs_sector, total_events, classification_source, confidence",8
ptegolfCo1,"industry_vs_vertical, industry_vs_industry_research, sub_industry, workflow_pattern, qbo_industry_vs_sector, total_events, classification_source, confidence",8
brinksmfgco,"industry_vs_vertical, industry_vs_industry_research, sub_industry, workflow_pattern, qbo_industry_vs_sector, total_events, classification_source, confidence",8
globalpackage,"industry_vs_vertical, industry_vs_industry_research, sub_industry, workflow_pattern, qbo_industry_vs_sector, total_events, classification_source, confidence",8
jafedecorating,"industry_vs_vertical, industry_vs_industry_research, sub_industry, workflow_pattern, qbo_industry_vs_sector, total_events, classification_source, confidence",8
automatedatticstair,"industry_vs_vertical, industry_vs_industry_research, sub_industry, workflow_pattern, qbo_industry_vs_sector, total_events, classification_source, confidence",8
todaytomorrowapparel,"industry_vs_vertical, industry_vs_industry_research, sub_industry, workflow_pattern, qbo_industry_vs_sector, total_events, classification_source, confidence",8
apexstone,"industry_vs_vertical, industry_vs_industry_research, sub_industry, workflow_pattern, qbo_industry_vs_sector, total_events, classification_source, confidence",8
abbeyhardware,"industry_vs_vertical, industry_vs_industry_research, sub_industry, workflow_pattern, qbo_industry_vs_sector, total_events, classification_source, confidence",8
brandxmetalsinc2,"industry_vs_vertical, industry_vs_industry_research, sub_industry, workflow_pattern, qbo_industry_vs_sector, total_events, classification_source, confidence",8
j2medicalsupplyinc,"industry_vs_vertical, industry_vs_industry_research, sub_industry, workflow_pattern, qbo_industry_vs_sector, total_events, classification_source, confidence",8
thesplashhottubspools,"industry_vs_vertical, industry_vs_industry_research, sub_industry, workflow_pattern, qbo_industry_vs_sector, total_events, classification_source, confidence",8
aandmdiscountfurniture4,"industry_vs_vertical, industry_vs_industry_research, sub_industry, workflow_pattern, qbo_industry_vs_sector, total_events, classification_source, confidence",8
vmgindustries,"industry_vs_vertical, industry_vs_industry_research, sub_industry, workflow_pattern, qbo_industry_vs_sector, total_events, classification_source, confidence",8
millibar,"industry_vs_vertical, industry_vs_industry_research, sub_industry, workflow_pattern, qbo_industry_vs_sector, total_events, classification_source, confidence",8
intellbioCo3,"industry_vs_vertical, industry_vs_industry_research, sub_industry, workflow_pattern, qbo_industry_vs_sector, total_events, classification_source, confidence",8
armal,"industry_vs_vertical, industry_vs_industry_research, sub_industry, workflow_pattern, qbo_industry_vs_sector, total_events, classification_source, confidence",8
tekkometals,"industry_vs_vertical, industry_vs_industry_research, sub_industry, workflow_pattern, qbo_industry_vs_sector, total_events, classification_source, confidence",8
BioAgEnergy,"industry_vs_vertical, industry_vs_industry_research, sub_industry, workflow_pattern, qbo_industry_vs_sector, total_events, classification_source, confidence",8
vortex2,"industry_vs_vertical, industry_vs_industry_research, sub_industry, workflow_pattern, qbo_industry_vs_sector, total_events, classification_source, confidence",8
tandssalesinc,"industry_vs_vertical, industry_vs_industry_research, sub_industry, workflow_pattern, qbo_industry_vs_sector, total_events, classification_source, confidence",8
atWork,"industry_vs_vertical, industry_vs_industry_research, sub_industry, workflow_pattern, qbo_industry_vs_sector, total_events, classification_source, confidence",8
vtechnicaltextiles,"industry_vs_vertical, industry_vs_industry_research, sub_industry, workflow_pattern, qbo_industry_vs_sector, total_events, classification_source, confidence",8
atlanticindustrialcorp,"industry_vs_vertical, industry_vs_industry_research, sub_industry, workflow_pattern, qbo_industry_vs_sector, total_events, classification_source, confidence",8
accurateforklift3,"industry_vs_vertical, industry_vs_industry_research, sub_industry, workflow_pattern, qbo_industry_vs_sector, total_events, classification_source, confidence",8
miabsgpteltd,"industry_vs_vertical, industry_vs_industry_research, sub_industry, workflow_pattern, qbo_industry_vs_sector, total_events, classification_source, confidence",8
johnmarksre2,"industry_vs_vertical, industry_vs_industry_research, sub_industry, workflow_pattern, qbo_industry_vs_sector, total_events, classification_source, confidence",8
mfmh,"industry_vs_vertical, industry_vs_industry_research, sub_industry, workflow_pattern, qbo_industry_vs_sector, total_events, classification_source, confidence",8
kingoillubricantsllc,"industry_vs_vertical, industry_vs_industry_research, sub_industry, workflow_pattern, qbo_industry_vs_sector, total_events, classification_source, confidence",8
actionlighting,"industry_vs_vertical, industry_vs_industry_research, sub_industry, workflow_pattern, qbo_industry_vs_sector, total_events, classification_source, confidence",8
adkfragrancefarm,"industry_vs_vertical, industry_vs_industry_research, sub_industry, workflow_pattern, qbo_industry_vs_sector, total_events, classification_source, confidence",8
labedahockeygear,"industry_vs_vertical, industry_vs_industry_research, sub_industry, workflow_pattern, qbo_industry_vs_sector, total_events, classification_source, confidence",8
vantagemeasure,"industry_vs_vertical, industry_vs_industry_research, sub_industry, workflow_pattern, qbo_industry_vs_sector, total_events, classification_source, confidence",8
magicbreezekombucha,"industry_vs_vertical, industry_vs_industry_research, sub_industry, workflow_pattern, qbo_industry_vs_sector, total_events, classification_source, confidence",8
accesscasters3,"industry_vs_vertical, industry_vs_industry_research, sub_industry, workflow_pattern, qbo_industry_vs_sector, total_events, classification_source, confidence",8
medallionfence,"industry_vs_vertical, industry_vs_industry_research, sub_industry, workflow_pattern, qbo_industry_vs_sector, total_events, classification_source, confidence",8
uniquewoodfloor,"industry_vs_vertical, industry_vs_industry_research, sub_industry, workflow_pattern, qbo_industry_vs_sector, total_events, classification_source, confidence",8
kinetictoolsinc,"industry_vs_vertical, industry_vs_industry_research, sub_industry, workflow_pattern, qbo_industry_vs_sector, total_events, classification_source, confidence",8
transmetroninc3,"industry_vs_vertical, industry_vs_industry_research, sub_industry, workflow_pattern, qbo_industry_vs_sector, total_events, classification_source, confidence",8
keybusinesssolutions,"industry_vs_vertical, industry_vs_industry_research, sub_industry, workflow_pattern, qbo_industry_vs_sector, total_events, classification_source, confidence",8
kennebeccabinetry,"industry_vs_vertical, industry_vs_industry_research, sub_industry, workflow_pattern, qbo_industry_vs_sector, total_events, classification_source, confidence",8
tritterfeeferCo1,"industry_vs_vertical, industry_vs_industry_research, sub_industry, workflow_pattern, qbo_industry_vs_sector, total_events, classification_source, confidence",8
kearfabrication,"industry_vs_vertical, industry_vs_industry_research, sub_industry, workflow_pattern, qbo_industry_vs_sector, total_events, classification_source, confidence",8
vintagemakesllc,"industry_vs_vertical, industry_vs_industry_research, sub_industry, workflow_pattern, qbo_industry_vs_sector, total_events, classification_source, confidence",8
kandbfloorcoveringllc,"industry_vs_vertical, industry_vs_industry_research, sub_industry, workflow_pattern, qbo_industry_vs_sector, total_events, classification_source, confidence",8
luxuryair,"industry_vs_vertical, industry_vs_industry_research, sub_industry, workflow_pattern, qbo_industry_vs_sector, total_events, classification_source, confidence",8
lumienlighting,"industry_vs_vertical, industry_vs_industry_research, sub_industry, workflow_pattern, qbo_industry_vs_sector, total_events, classification_source, confidence",8
audioconcepts,"industry_vs_vertical, industry_vs_industry_research, sub_industry, workflow_pattern, qbo_industry_vs_sector, total_events, classification_source, confidence",8
atlanticrestaurantandsupermarketequipment,"industry_vs_vertical, industry_vs_industry_research, sub_industry, workflow_pattern, qbo_industry_vs_sector, total_events, classification_source, confidence",8
mobilitycityofcoloradosprings,"industry_vs_vertical, industry_vs_industry_research, sub_industry, workflow_pattern, qbo_industry_vs_sector, total_events, classification_source, confidence",8
stickersandmore4,"industry_vs_vertical, industry_vs_industry_research, sub_industry, workflow_pattern, qbo_industry_vs_sector, total_events, classification_source, confidence",8
betterbuychairsinc,"industry_vs_vertical, industry_vs_industry_research, sub_industry, workflow_pattern, qbo_industry_vs_sector, total_events, classification_source, confidence",8
summitflooring,"industry_vs_vertical, industry_vs_industry_research, sub_industry, workflow_pattern, qbo_industry_vs_sector, total_events, classification_source, confidence",8
sumakenorthamericaMT,"industry_vs_vertical, industry_vs_industry_research, sub_industry, workflow_pattern, qbo_industry_vs_sector, total_events, classification_source, confidence",8
big,"industry_vs_vertical, industry_vs_industry_research, sub_industry, workflow_pattern, qbo_industry_vs_sector, total_events, classification_source, confidence",8
biggameusaCo2,"industry_vs_vertical, industry_vs_industry_research, sub_industry, workflow_pattern, qbo_industry_vs_sector, total_events, classification_source, confidence",8
bignotemusic,"industry_vs_vertical, industry_vs_industry_research, sub_industry, workflow_pattern, qbo_industry_vs_sector, total_events, classification_source, confidence",8
bindersincCo1,"industry_vs_vertical, industry_vs_industry_research, sub_industry, workflow_pattern, qbo_industry_vs_sector, total_events, classification_source, confidence",8
stwsincCo1,"industry_vs_vertical, industry_vs_industry_research, sub_industry, workflow_pattern, qbo_industry_vs_sector, total_events, classification_source, confidence",8
bl2systemsllc,"industry_vs_vertical, industry_vs_industry_research, sub_industry, workflow_pattern, qbo_industry_vs_sector, total_events, classification_source, confidence",8
blkcorp,"industry_vs_vertical, industry_vs_industry_research, sub_industry, workflow_pattern, qbo_industry_vs_sector, total_events, classification_source, confidence",8
leontineserver,"industry_vs_vertical, industry_vs_industry_research, sub_industry, workflow_pattern, qbo_industry_vs_sector, total_events, classification_source, confidence",8
lmhdistribution,"industry_vs_vertical, industry_vs_industry_research, sub_industry, workflow_pattern, qbo_industry_vs_sector, total_events, classification_source, confidence",8
mobilitycityofworcestermassachusetts,"industry_vs_vertical, industry_vs_industry_research, sub_industry, workflow_pattern, qbo_industry_vs_sector, total_events, classification_source, confidence",8
woodlabuae,"industry_vs_vertical, industry_vs_industry_research, sub_industry, workflow_pattern, qbo_industry_vs_sector, total_events, classification_source, confidence",8
bodegatile,"industry_vs_vertical, industry_vs_industry_research, sub_industry, workflow_pattern, qbo_industry_vs_sector, total_events, classification_source, confidence",8
sterlinghardwareltd,"industry_vs_vertical, industry_vs_industry_research, sub_industry, workflow_pattern, qbo_industry_vs_sector, total_events, classification_source, confidence",8
yoderbilt,"industry_vs_vertical, industry_vs_industry_research, sub_industry, workflow_pattern, qbo_industry_vs_sector, total_events, classification_source, confidence",8
steerintrailersales,"industry_vs_vertical, industry_vs_industry_research, sub_industry, workflow_pattern, qbo_industry_vs_sector, total_events, classification_source, confidence",8
steelecomponents,"industry_vs_vertical, industry_vs_industry_research, sub_industry, workflow_pattern, qbo_industry_vs_sector, total_events, classification_source, confidence",8
BonOpusSales,"industry_vs_vertical, industry_vs_industry_research, sub_industry, workflow_pattern, qbo_industry_vs_sector, total_events, classification_source, confidence",8
bertelsonprecast,"industry_vs_vertical, industry_vs_industry_research, sub_industry, workflow_pattern, qbo_industry_vs_sector, total_events, classification_source, confidence",8
summitlaboratories2,"industry_vs_vertical, industry_vs_industry_research, sub_industry, workflow_pattern, qbo_industry_vs_sector, total_events, classification_source, confidence",8
acheerfulgiver,"industry_vs_vertical, industry_vs_industry_research, sub_industry, workflow_pattern, qbo_industry_vs_sector, total_events, classification_source, confidence",8
larryssausage,"industry_vs_vertical, industry_vs_industry_research, sub_industry, workflow_pattern, qbo_industry_vs_sector, total_events, classification_source, confidence",8
awcomm2,"industry_vs_vertical, industry_vs_industry_research, sub_industry, workflow_pattern, qbo_industry_vs_sector, total_events, classification_source, confidence",8
baconmail,"industry_vs_vertical, industry_vs_industry_research, sub_industry, workflow_pattern, qbo_industry_vs_sector, total_events, classification_source, confidence",8
aw,"industry_vs_vertical, industry_vs_industry_research, sub_industry, workflow_pattern, qbo_industry_vs_sector, total_events, classification_source, confidence",8
bairespackusa2,"industry_vs_vertical, industry_vs_industry_research, sub_industry, workflow_pattern, qbo_industry_vs_sector, total_events, classification_source, confidence",8
MPDmedical,"industry_vs_vertical, industry_vs_industry_research, sub_industry, workflow_pattern, qbo_industry_vs_sector, total_events, classification_source, confidence",8
autorescuetools,"industry_vs_vertical, industry_vs_industry_research, sub_industry, workflow_pattern, qbo_industry_vs_sector, total_events, classification_source, confidence",8
Surfaceco,"industry_vs_vertical, industry_vs_industry_research, sub_industry, workflow_pattern, qbo_industry_vs_sector, total_events, classification_source, confidence",8
LappStructures,"industry_vs_vertical, industry_vs_industry_research, sub_industry, workflow_pattern, qbo_industry_vs_sector, total_events, classification_source, confidence",8
lenworth,"industry_vs_vertical, industry_vs_industry_research, sub_industry, workflow_pattern, qbo_industry_vs_sector, total_events, classification_source, confidence",8
bardianivalves,"industry_vs_vertical, industry_vs_industry_research, sub_industry, workflow_pattern, qbo_industry_vs_sector, total_events, classification_source, confidence",8
superiorcleaningequipmentinc,"industry_vs_vertical, industry_vs_industry_research, sub_industry, workflow_pattern, qbo_industry_vs_sector, total_events, classification_source, confidence",8
battlerattle,"industry_vs_vertical, industry_vs_industry_research, sub_industry, workflow_pattern, qbo_industry_vs_sector, total_events, classification_source, confidence",8
FLH,"industry_vs_vertical, industry_vs_industry_research, sub_industry, workflow_pattern, qbo_industry_vs_sector, total_events, classification_source, confidence",8
weightechusa,"industry_vs_vertical, industry_vs_industry_research, sub_industry, workflow_pattern, qbo_industry_vs_sector, total_events, classification_source, confidence",8
lowrymanufacturingcompany2,"industry_vs_vertical, industry_vs_industry_research, sub_industry, workflow_pattern, qbo_industry_vs_sector, total_events, classification_source, confidence",7
liquimedlock,"industry_vs_vertical, industry_vs_industry_research, sub_industry, workflow_pattern, qbo_industry_vs_sector, total_events, classification_source, confidence",7
pattechnology2,"industry_vs_vertical, industry_vs_industry_research, sub_industry, workflow_pattern, total_events, classification_source, confidence",7
perlistenaudiollc,"industry_vs_vertical, industry_vs_industry_research, sub_industry, workflow_pattern, qbo_industry_vs_sector, total_events, classification_source, confidence",7
periodmouldings2,"industry_vs_vertical, industry_vs_industry_research, sub_industry, workflow_pattern, total_events, classification_source, confidence",7
lot49llcdbabox7imports,"industry_vs_vertical, industry_vs_industry_research, sub_industry, workflow_pattern, total_events, classification_source, confidence",7
pghorticulturelimited,"industry_vs_vertical, industry_vs_industry_research, sub_industry, workflow_pattern, total_events, classification_source, confidence",7
lumerasolarinc,"industry_vs_vertical, industry_vs_industry_research, sub_industry, workflow_pattern, total_events, classification_source, confidence",7
loretech,"industry_vs_vertical, industry_vs_industry_research, sub_industry, workflow_pattern, total_events, classification_source, confidence",7
perlite,"industry_vs_vertical, industry_vs_industry_research, sub_industry, workflow_pattern, total_events, classification_source, confidence",7
petitvin2,"industry_vs_vertical, industry_vs_industry_research, sub_industry, workflow_pattern, total_events, classification_source, confidence",7
montanamixers,"industry_vs_vertical, industry_vs_industry_research, sub_industry, workflow_pattern, total_events, classification_source, confidence",7
maaribu,"industry_vs_vertical, industry_vs_industry_research, sub_industry, workflow_pattern, total_events, classification_source, confidence",7
nationalkitchensbathsandmore1,"industry_vs_vertical, industry_vs_industry_research, sub_industry, workflow_pattern, total_events, classification_source, confidence",7
ngalatrading,"industry_vs_vertical, industry_vs_industry_research, sub_industry, workflow_pattern, qbo_industry_vs_sector, total_events, classification_source, confidence",7
netzerousa2,"industry_vs_vertical, industry_vs_industry_research, sub_industry, workflow_pattern, qbo_industry_vs_sector, total_events, classification_source",7
mobilitycityofgreatercincinnati,"industry_vs_vertical, industry_vs_industry_research, sub_industry, workflow_pattern, qbo_industry_vs_sector, total_events, classification_source",7
mobilitycityoflasvegas2,"industry_vs_vertical, industry_vs_industry_research, sub_industry, workflow_pattern, qbo_industry_vs_sector, total_events, classification_source",7
nearymartin,"industry_vs_vertical, industry_vs_industry_research, sub_industry, workflow_pattern, total_events, classification_source, confidence",7
nationcor,"industry_vs_vertical, industry_vs_industry_research, sub_industry, workflow_pattern, total_events, classification_source, confidence",7
nationalfiltersupply,"industry_vs_vertical, industry_vs_industry_research, sub_industry, workflow_pattern, total_events, classification_source, confidence",7
magnummarketing,"industry_vs_vertical, industry_vs_industry_research, sub_industry, workflow_pattern, total_events, classification_source, confidence",7
namusa,"industry_vs_vertical, industry_vs_industry_research, sub_industry, workflow_pattern, qbo_industry_vs_sector, total_events, classification_source, confidence",7
mycologicalnaturalproducts,"industry_vs_vertical, industry_vs_industry_research, sub_industry, workflow_pattern, qbo_industry_vs_sector, total_events, classification_source",7
mustangnorth,"industry_vs_vertical, industry_vs_industry_research, sub_industry, workflow_pattern, total_events, classification_source, confidence",7
multiseal2,"industry_vs_vertical, industry_vs_industry_research, sub_industry, workflow_pattern, total_events, classification_source, confidence",7
modcycles,"industry_vs_vertical, industry_vs_industry_research, sub_industry, workflow_pattern, total_events, classification_source, confidence",7
moderncompressorsales,"industry_vs_vertical, industry_vs_industry_research, sub_industry, workflow_pattern, total_events, classification_source, confidence",7
norcada3,"industry_vs_vertical, industry_vs_industry_research, sub_industry, workflow_pattern, total_events, classification_source, confidence",7
norenthermal,"industry_vs_vertical, industry_vs_industry_research, sub_industry, workflow_pattern, total_events, classification_source, confidence",7
norwooddeviceanddiagnostics,"industry_vs_vertical, industry_vs_industry_research, sub_industry, workflow_pattern, total_events, classification_source, confidence",7
mnjenterprisellc,"industry_vs_vertical, industry_vs_industry_research, sub_industry, workflow_pattern, total_events, classification_source, confidence",7
mjjdassociatesllc,"industry_vs_vertical, industry_vs_industry_research, sub_industry, workflow_pattern, total_events, classification_source, confidence",7
miminternationalinc,"industry_vs_vertical, industry_vs_industry_research, sub_industry, workflow_pattern, total_events, classification_source, confidence",7
ntgproducts,"industry_vs_vertical, industry_vs_industry_research, sub_industry, workflow_pattern, total_events, classification_source, confidence",7
nukitchens132,"industry_vs_vertical, industry_vs_industry_research, sub_industry, workflow_pattern, total_events, classification_source, confidence",7
nupointsystems2,"industry_vs_vertical, industry_vs_industry_research, sub_industry, workflow_pattern, total_events, classification_source, confidence",7
militarypilotsupplyoftexasllc,"industry_vs_vertical, industry_vs_industry_research, sub_industry, workflow_pattern, total_events, classification_source, confidence",7
officefurniturecentreglasgow,"industry_vs_vertical, industry_vs_industry_research, sub_industry, workflow_pattern, qbo_industry_vs_sector, total_events, classification_source, confidence",7
microdairydesigns,"industry_vs_vertical, industry_vs_industry_research, sub_industry, workflow_pattern, total_events, classification_source, confidence",7
metkonusainc,"industry_vs_vertical, industry_vs_industry_research, sub_industry, workflow_pattern, total_events, classification_source, confidence",7
memiairellc,"industry_vs_vertical, industry_vs_industry_research, sub_industry, workflow_pattern, total_events, classification_source, confidence",7
medicalz2,"industry_vs_vertical, industry_vs_industry_research, sub_industry, workflow_pattern, total_events, classification_source, confidence",7
pacificlink,"industry_vs_vertical, industry_vs_industry_research, sub_industry, workflow_pattern, qbo_industry_vs_sector, total_events, classification_source",7
marineinnovations2,"industry_vs_vertical, industry_vs_industry_research, sub_industry, workflow_pattern, total_events, classification_source, confidence",7
namesakebrewing,"industry_vs_vertical, industry_vs_industry_research, sub_industry, workflow_pattern, total_events, classification_source, confidence",7
AVAILForensicsCo1,"industry_vs_vertical, industry_vs_industry_research, sub_industry, workflow_pattern, qbo_industry_vs_sector, total_events, classification_source",7
picturethisframinginc,"industry_vs_vertical, industry_vs_industry_research, sub_industry, workflow_pattern, total_events, classification_source, confidence",7
thewristbandcompany,"industry_vs_vertical, industry_vs_industry_research, sub_industry, workflow_pattern, total_events, classification_source, confidence",7
trimports,"industry_vs_vertical, industry_vs_industry_research, sub_industry, workflow_pattern, total_events, classification_source, confidence",7
treatmenttechnology,"industry_vs_vertical, industry_vs_industry_research, sub_industry, workflow_pattern, total_events, classification_source, confidence",7
traxandmore,"industry_vs_vertical, industry_vs_industry_research, sub_industry, workflow_pattern, qbo_industry_vs_sector, total_events, classification_source",7
totalfeedsinc,"industry_vs_vertical, industry_vs_industry_research, sub_industry, workflow_pattern, qbo_industry_vs_sector, total_events, classification_source",7
topsecretcustoms,"industry_vs_vertical, industry_vs_industry_research, sub_industry, workflow_pattern, qbo_industry_vs_sector, total_events, classification_source",7
topoffice,"industry_vs_vertical, industry_vs_industry_research, sub_industry, workflow_pattern, total_events, classification_source, confidence",7
tippmannarmscompanyllc,"industry_vs_vertical, industry_vs_industry_research, sub_industry, workflow_pattern, qbo_industry_vs_sector, total_events, classification_source, confidence",7
timberwolfforest,"industry_vs_vertical, industry_vs_industry_research, sub_industry, workflow_pattern, total_events, classification_source, confidence",7
thomashayesstudio3,"industry_vs_vertical, industry_vs_industry_research, sub_industry, workflow_pattern, total_events, classification_source, confidence",7
thecarekioskptyltd,"industry_vs_vertical, industry_vs_industry_research, sub_industry, workflow_pattern, total_events, classification_source, confidence",7
staplesenterprises4,"industry_vs_vertical, industry_vs_industry_research, sub_industry, workflow_pattern, qbo_industry_vs_sector, total_events, classification_source",7
theblastbagCo1,"industry_vs_vertical, industry_vs_industry_research, sub_industry, workflow_pattern, total_events, classification_source, confidence",7
tfriedl,"industry_vs_vertical, industry_vs_industry_research, sub_industry, workflow_pattern, total_events, classification_source, confidence",7
techtradeglobal,"industry_vs_vertical, industry_vs_industry_research, sub_industry, workflow_pattern, qbo_industry_vs_sector, total_events, classification_source, confidence",7
tangiblecreative2,"industry_vs_vertical, industry_vs_industry_research, sub_industry, workflow_pattern, total_events, classification_source, confidence",7
synova,"industry_vs_vertical, industry_vs_industry_research, sub_industry, workflow_pattern, qbo_industry_vs_sector, total_events, classification_source",7
sylvacorp,"industry_vs_vertical, industry_vs_industry_research, sub_industry, workflow_pattern, total_events, classification_source, confidence",7
sylcadesigns2,"industry_vs_vertical, industry_vs_industry_research, sub_industry, workflow_pattern, total_events, classification_source, confidence",7
supplyshield,"industry_vs_vertical, industry_vs_industry_research, sub_industry, workflow_pattern, total_events, classification_source, confidence",7
stevenenterprises2,"industry_vs_vertical, industry_vs_industry_research, sub_industry, workflow_pattern, qbo_industry_vs_sector, total_events, classification_source",7
trioniccorp2,"industry_vs_vertical, industry_vs_industry_research, sub_industry, workflow_pattern, total_events, classification_source, confidence",7
tripdrip,"industry_vs_vertical, industry_vs_industry_research, sub_industry, workflow_pattern, total_events, classification_source, confidence",7
trunniontable,"industry_vs_vertical, industry_vs_industry_research, sub_industry, workflow_pattern, total_events, classification_source, confidence",7
ultimax,"industry_vs_vertical, industry_vs_industry_research, sub_industry, workflow_pattern, qbo_industry_vs_sector, total_events, classification_source",7
wplastics,"industry_vs_vertical, industry_vs_industry_research, sub_industry, workflow_pattern, total_events, classification_source, confidence",7
woodforminteriorsltd,"industry_vs_vertical, industry_vs_industry_research, sub_industry, workflow_pattern, total_events, classification_source, confidence",7
wmuniformgroup,"industry_vs_vertical, industry_vs_industry_research, sub_industry, workflow_pattern, qbo_industry_vs_sector, total_events, classification_source",7
wktrincdbafloridadocks,"industry_vs_vertical, industry_vs_industry_research, sub_industry, workflow_pattern, qbo_industry_vs_sector, total_events, classification_source",7
wholelogreclaimed3,"industry_vs_vertical, industry_vs_industry_research, sub_industry, workflow_pattern, qbo_industry_vs_sector, total_events, classification_source, confidence",7
whiteherrinmetals,"industry_vs_vertical, industry_vs_industry_research, sub_industry, workflow_pattern, total_events, classification_source, confidence",7
wearingwilliamsltd2,"industry_vs_vertical, industry_vs_industry_research, sub_industry, workflow_pattern, total_events, classification_source, confidence",7
wallbedsnmore,"industry_vs_vertical, industry_vs_industry_research, sub_industry, workflow_pattern, total_events, classification_source, confidence",7
voltairesystems,"industry_vs_vertical, industry_vs_industry_research, sub_industry, workflow_pattern, total_events, classification_source, confidence",7
vis2,"industry_vs_vertical, industry_vs_industry_research, sub_industry, workflow_pattern, total_events, classification_source, confidence",7
vipsupplyco,"industry_vs_vertical, industry_vs_industry_research, sub_industry, workflow_pattern, total_events, classification_source, confidence",7
victorcastilloincdbatortilleriatemecula,"industry_vs_vertical, industry_vs_industry_research, sub_industry, workflow_pattern, total_events, classification_source, confidence",7
vcssalesanddistribution,"industry_vs_vertical, industry_vs_industry_research, sub_industry, workflow_pattern, total_events, classification_source, confidence",7
vacairindustries,"industry_vs_vertical, industry_vs_industry_research, sub_industry, workflow_pattern, total_events, classification_source, confidence",7
usafleetsolutions,"industry_vs_vertical, industry_vs_industry_research, sub_industry, workflow_pattern, qbo_industry_vs_sector, total_events, classification_source, confidence",7
urbanfrontltd,"industry_vs_vertical, industry_vs_industry_research, sub_industry, workflow_pattern, qbo_industry_vs_sector, total_events, classification_source, confidence",7
universalpowerconversion,"industry_vs_vertical, industry_vs_industry_research, sub_industry, workflow_pattern, total_events, classification_source, confidence",7
unicellsupply2,"industry_vs_vertical, industry_vs_industry_research, sub_industry, workflow_pattern, total_events, classification_source, confidence",7
underhillinternational,"industry_vs_vertical, industry_vs_industry_research, sub_industry, workflow_pattern, qbo_industry_vs_sector, total_events, classification_source",7
stellalightingincCo1,"industry_vs_vertical, industry_vs_industry_research, sub_industry, workflow_pattern, qbo_industry_vs_sector, total_events, classification_source, confidence",7
stanwoodredimix,"industry_vs_vertical, industry_vs_industry_research, sub_industry, workflow_pattern, qbo_industry_vs_sector, total_events, classification_source, confidence",7
pipefusionservicesinc,"industry_vs_vertical, industry_vs_industry_research, sub_industry, workflow_pattern, qbo_industry_vs_sector, total_events, classification_source, confidence",7
pspglobalwines2,"industry_vs_vertical, industry_vs_industry_research, sub_industry, workflow_pattern, total_events, classification_source, confidence",7
reidwitlinltd,"industry_vs_vertical, industry_vs_industry_research, sub_industry, workflow_pattern, total_events, classification_source, confidence",7
refreshdeal,"industry_vs_vertical, industry_vs_industry_research, sub_industry, workflow_pattern, qbo_industry_vs_sector, total_events, classification_source, confidence",7
readyvista,"industry_vs_vertical, industry_vs_industry_research, sub_industry, workflow_pattern, total_events, classification_source, confidence",7
raybiotech,"industry_vs_vertical, industry_vs_industry_research, sub_industry, workflow_pattern, total_events, classification_source, confidence",7
rakit3,"industry_vs_vertical, industry_vs_industry_research, sub_industry, workflow_pattern, qbo_industry_vs_sector, total_events, classification_source",7
radsuramerica,"industry_vs_vertical, industry_vs_industry_research, sub_industry, workflow_pattern, qbo_industry_vs_sector, total_events, classification_source",7
racecardynamicsofarizonainc,"industry_vs_vertical, industry_vs_industry_research, sub_industry, workflow_pattern, total_events, classification_source, confidence",7
quipementsvegtech,"industry_vs_vertical, industry_vs_industry_research, sub_industry, workflow_pattern, total_events, classification_source, confidence",7
questonedistributors,"industry_vs_vertical, industry_vs_industry_research, sub_industry, workflow_pattern, total_events, classification_source, confidence",7
protectconstruction,"industry_vs_vertical, industry_vs_industry_research, sub_industry, workflow_pattern, total_events, classification_source, confidence",7
stamfordtimeandco,"industry_vs_vertical, industry_vs_industry_research, sub_industry, workflow_pattern, total_events, classification_source, confidence",7
protechequipment,"industry_vs_vertical, industry_vs_industry_research, sub_industry, workflow_pattern, total_events, classification_source, confidence",7
promotionalproductsfulfillmentdistributionltdCo1,"industry_vs_vertical, industry_vs_industry_research, sub_industry, workflow_pattern, qbo_industry_vs_sector, total_events, classification_source, confidence",7
profwhytekratom,"industry_vs_vertical, industry_vs_industry_research, sub_industry, workflow_pattern, total_events, classification_source, confidence",7
proav,"industry_vs_vertical, industry_vs_industry_research, sub_industry, workflow_pattern, qbo_industry_vs_sector, total_events, classification_source, confidence",7
prionesource,"industry_vs_vertical, industry_vs_industry_research, sub_industry, workflow_pattern, total_events, classification_source, confidence",7
premiumpb2,"industry_vs_vertical, industry_vs_industry_research, sub_industry, workflow_pattern, qbo_industry_vs_sector, total_events, classification_source",7
precisiondoors3,"industry_vs_vertical, industry_vs_industry_research, sub_industry, workflow_pattern, total_events, classification_source, confidence",7
podiatrycc,"industry_vs_vertical, industry_vs_industry_research, sub_industry, workflow_pattern, total_events, classification_source, confidence",7
pneusquebecnet,"industry_vs_vertical, industry_vs_industry_research, sub_industry, workflow_pattern, total_events, classification_source, confidence",7
revivehealthcaregroup,"industry_vs_vertical, industry_vs_industry_research, sub_industry, workflow_pattern, total_events, classification_source, confidence",7
rexdistributioninc,"industry_vs_vertical, industry_vs_industry_research, sub_industry, workflow_pattern, total_events, classification_source, confidence",7
lihua,"industry_vs_vertical, industry_vs_industry_research, sub_industry, workflow_pattern, total_events, classification_source, confidence",7
rlhindustriesinc2,"industry_vs_vertical, industry_vs_industry_research, sub_industry, workflow_pattern, total_events, classification_source, confidence",7
stagepolymers,"industry_vs_vertical, industry_vs_industry_research, sub_industry, workflow_pattern, qbo_industry_vs_sector, total_events, classification_source, confidence",7
spkassociates,"industry_vs_vertical, industry_vs_industry_research, sub_industry, workflow_pattern, total_events, classification_source, confidence",7
southgateprocessequipmentinc,"industry_vs_vertical, industry_vs_industry_research, sub_industry, workflow_pattern, total_events, classification_source, confidence",7
sonomachampagnesabres,"industry_vs_vertical, industry_vs_industry_research, sub_industry, workflow_pattern, total_events, classification_source, confidence",7
sommselection,"industry_vs_vertical, industry_vs_industry_research, sub_industry, workflow_pattern, total_events, classification_source, confidence",7
sobremesamanagement2,"industry_vs_vertical, industry_vs_industry_research, sub_industry, workflow_pattern, total_events, classification_source, confidence",7
snoozies,"industry_vs_vertical, industry_vs_industry_research, sub_industry, workflow_pattern, total_events, classification_source, confidence",7
smakdab,"industry_vs_vertical, industry_vs_industry_research, sub_industry, workflow_pattern, total_events, classification_source, confidence",7
skyproduct,"industry_vs_vertical, industry_vs_industry_research, sub_industry, workflow_pattern, total_events, classification_source, confidence",7
sixdegreesnorthbeveragegroup,"industry_vs_vertical, industry_vs_industry_research, sub_industry, workflow_pattern, total_events, classification_source, confidence",7
sitepieces2,"industry_vs_vertical, industry_vs_industry_research, sub_industry, workflow_pattern, total_events, classification_source, confidence",7
siquesttechnologysdnbhd,"industry_vs_vertical, industry_vs_industry_research, sub_industry, workflow_pattern, total_events, classification_source, confidence",7
silverlinejudaica,"industry_vs_vertical, industry_vs_industry_research, sub_industry, workflow_pattern, total_events, classification_source, confidence",7
sierraloghomes,"industry_vs_vertical, industry_vs_industry_research, sub_industry, workflow_pattern, total_events, classification_source, confidence",7
sherbistone,"industry_vs_vertical, industry_vs_industry_research, sub_industry, workflow_pattern, total_events, classification_source, confidence",7
shedyard,"industry_vs_vertical, industry_vs_industry_research, sub_industry, workflow_pattern, total_events, classification_source, confidence",7
sawsolutionsinc,"industry_vs_vertical, industry_vs_industry_research, sub_industry, workflow_pattern, qbo_industry_vs_sector, total_events, classification_source",7
saveonlaser,"industry_vs_vertical, industry_vs_industry_research, sub_industry, workflow_pattern, total_events, classification_source, confidence",7
roimetalbuildings,"industry_vs_vertical, industry_vs_industry_research, sub_industry, workflow_pattern, total_events, classification_source, confidence",7
limbbusterllc,"industry_vs_vertical, industry_vs_industry_research, sub_industry, workflow_pattern, total_events, classification_source, confidence",7
yudoinc,"industry_vs_vertical, industry_vs_industry_research, sub_industry, workflow_pattern, total_events, classification_source, confidence",7
lightingxcorp,"industry_vs_vertical, industry_vs_industry_research, sub_industry, workflow_pattern, total_events, classification_source, confidence",7
chapmanco,"industry_vs_vertical, industry_vs_industry_research, sub_industry, workflow_pattern, qbo_industry_vs_sector, total_events, classification_source, confidence",7
customturnings,"industry_vs_vertical, industry_vs_industry_research, sub_industry, workflow_pattern, total_events, classification_source, confidence",7
customindustrial2,"industry_vs_vertical, industry_vs_industry_research, sub_industry, workflow_pattern, qbo_industry_vs_sector, total_events, classification_source",7
crowncreationsinc,"industry_vs_vertical, industry_vs_industry_research, sub_industry, workflow_pattern, qbo_industry_vs_sector, total_events, classification_source",7
cpffloorsllc,"industry_vs_vertical, industry_vs_industry_research, sub_industry, workflow_pattern, total_events, classification_source, confidence",7
coolbluedistribution,"industry_vs_vertical, industry_vs_industry_research, sub_industry, workflow_pattern, qbo_industry_vs_sector, total_events, classification_source",7
cooksdoorsandmouldingsinc,"industry_vs_vertical, industry_vs_industry_research, sub_industry, workflow_pattern, total_events, classification_source, confidence",7
colorantic,"industry_vs_vertical, industry_vs_industry_research, sub_industry, workflow_pattern, total_events, classification_source, confidence",7
coffeebeancorral2,"industry_vs_vertical, industry_vs_industry_research, sub_industry, workflow_pattern, total_events, classification_source, confidence",7
classicexhaustsystemsllc,"industry_vs_vertical, industry_vs_industry_research, sub_industry, workflow_pattern, total_events, classification_source, confidence",7
cityfloral,"industry_vs_vertical, industry_vs_industry_research, sub_industry, workflow_pattern, total_events, classification_source, confidence",7
championproducts2,"industry_vs_vertical, industry_vs_industry_research, sub_industry, workflow_pattern, total_events, classification_source, confidence",7
cyclallc,"industry_vs_vertical, industry_vs_industry_research, sub_industry, workflow_pattern, total_events, classification_source, confidence",7
chalmersford,"industry_vs_vertical, industry_vs_industry_research, sub_industry, workflow_pattern, qbo_industry_vs_sector, total_events, classification_source",7
chairstuff3,"industry_vs_vertical, industry_vs_industry_research, sub_industry, workflow_pattern, total_events, classification_source, confidence",7
ceramicainc,"industry_vs_vertical, industry_vs_industry_research, sub_industry, workflow_pattern, total_events, classification_source, confidence",7
categorycreations,"industry_vs_vertical, industry_vs_industry_research, sub_industry, workflow_pattern, qbo_industry_vs_sector, total_events, classification_source",7
cashionfishingrods2,"industry_vs_vertical, industry_vs_industry_research, sub_industry, workflow_pattern, qbo_industry_vs_sector, total_events, classification_source, confidence",7
caribbeandiagnosticsltdCo1,"industry_vs_vertical, industry_vs_industry_research, sub_industry, workflow_pattern, qbo_industry_vs_sector, total_events, classification_source, confidence",7
canadalab,"industry_vs_vertical, industry_vs_industry_research, sub_industry, workflow_pattern, total_events, classification_source, confidence",7
burnewiin2,"industry_vs_vertical, industry_vs_industry_research, sub_industry, workflow_pattern, qbo_industry_vs_sector, total_events, classification_source",7
burly,"industry_vs_vertical, industry_vs_industry_research, sub_industry, workflow_pattern, qbo_industry_vs_sector, total_events, classification_source",7
brewersicecompanyllc,"industry_vs_vertical, industry_vs_industry_research, sub_industry, workflow_pattern, total_events, classification_source, confidence",7
cuveecoffee,"industry_vs_vertical, industry_vs_industry_research, sub_industry, workflow_pattern, total_events, classification_source, confidence",7
dcooperworksllc,"industry_vs_vertical, industry_vs_industry_research, sub_industry, workflow_pattern, qbo_industry_vs_sector, total_events, classification_source",7
boxgangmanufacturing2,"industry_vs_vertical, industry_vs_industry_research, sub_industry, workflow_pattern, total_events, classification_source, confidence",7
duecksmechanicalinc,"industry_vs_vertical, industry_vs_industry_research, sub_industry, workflow_pattern, total_events, classification_source, confidence",7
ezbrandsllc,"industry_vs_vertical, industry_vs_industry_research, sub_industry, workflow_pattern, total_events, classification_source, confidence",7
experthosiery,"industry_vs_vertical, industry_vs_industry_research, sub_industry, workflow_pattern, total_events, classification_source, confidence",7
exergamefitness,"industry_vs_vertical, industry_vs_industry_research, sub_industry, workflow_pattern, qbo_industry_vs_sector, total_events, classification_source, confidence",7
evolutiontrailertechnologies,"industry_vs_vertical, industry_vs_industry_research, sub_industry, workflow_pattern, total_events, classification_source, confidence",7
enerfusioninc,"industry_vs_vertical, industry_vs_industry_research, sub_industry, workflow_pattern, total_events, classification_source, confidence",7
elysianlabsllc3,"industry_vs_vertical, industry_vs_industry_research, sub_industry, workflow_pattern, total_events, classification_source, confidence",7
egeproducts,"industry_vs_vertical, industry_vs_industry_research, sub_industry, workflow_pattern, total_events, classification_source, confidence",7
edreedcompany,"industry_vs_vertical, industry_vs_industry_research, sub_industry, workflow_pattern, qbo_industry_vs_sector, total_events, classification_source",7
ebamethod,"industry_vs_vertical, industry_vs_industry_research, sub_industry, workflow_pattern, total_events, classification_source, confidence",7
durabikelocker,"industry_vs_vertical, industry_vs_industry_research, sub_industry, workflow_pattern, total_events, classification_source, confidence",7
dubgifcollc,"industry_vs_vertical, industry_vs_industry_research, sub_industry, workflow_pattern, qbo_industry_vs_sector, total_events, classification_source",7
dddirect,"industry_vs_vertical, industry_vs_industry_research, sub_industry, workflow_pattern, total_events, classification_source, confidence",7
dtsdirect,"industry_vs_vertical, industry_vs_industry_research, sub_industry, workflow_pattern, qbo_industry_vs_sector, total_events, classification_source",7
dsagllc2,"industry_vs_vertical, industry_vs_industry_research, sub_industry, workflow_pattern, qbo_industry_vs_sector, total_events, classification_source",7
drinkade,"industry_vs_vertical, industry_vs_industry_research, sub_industry, workflow_pattern, qbo_industry_vs_sector, total_events, classification_source",7
doozlandllc,"industry_vs_vertical, industry_vs_industry_research, sub_industry, workflow_pattern, qbo_industry_vs_sector, total_events, classification_source",7
donecdistributors,"industry_vs_vertical, industry_vs_industry_research, sub_industry, workflow_pattern, total_events, classification_source, confidence",7
dolphinheatexchangerusa,"industry_vs_vertical, industry_vs_industry_research, sub_industry, workflow_pattern, total_events, classification_source, confidence",7
lifetimeteallc,"industry_vs_vertical, industry_vs_industry_research, sub_industry, workflow_pattern, total_events, classification_source, confidence",7
dewesoft,"industry_vs_vertical, industry_vs_industry_research, sub_industry, workflow_pattern, qbo_industry_vs_sector, total_events, classification_source, confidence",7
deltakits1,"industry_vs_vertical, industry_vs_industry_research, sub_industry, workflow_pattern, total_events, classification_source, confidence",7
delmarvadesigncenter,"industry_vs_vertical, industry_vs_industry_research, sub_industry, workflow_pattern, total_events, classification_source, confidence",7
brechtel,"industry_vs_vertical, industry_vs_industry_research, sub_industry, workflow_pattern, total_events, classification_source, confidence",7
botanaway,"industry_vs_vertical, industry_vs_industry_research, sub_industry, workflow_pattern, total_events, classification_source, confidence",7
fibonaccillc,"industry_vs_vertical, industry_vs_industry_research, sub_industry, workflow_pattern, total_events, classification_source, confidence",7
alliedmachinerysalesllc,"industry_vs_vertical, industry_vs_industry_research, sub_industry, workflow_pattern, total_events, classification_source, confidence",7
anchorsupply2,"industry_vs_vertical, industry_vs_industry_research, sub_industry, workflow_pattern, total_events, classification_source, confidence",7
amtonllcbabyclubchic,"industry_vs_vertical, industry_vs_industry_research, sub_industry, workflow_pattern, total_events, classification_source, confidence",7
ameritechfacilitysupplyllc,"industry_vs_vertical, industry_vs_industry_research, sub_industry, workflow_pattern, total_events, classification_source, confidence",7
americanwholesaledistributors,"industry_vs_vertical, industry_vs_industry_research, sub_industry, workflow_pattern, total_events, classification_source, confidence",7
americanstonecraft,"industry_vs_vertical, industry_vs_industry_research, sub_industry, workflow_pattern, qbo_industry_vs_sector, total_events, classification_source, confidence",7
americansafetyandfirehouse,"industry_vs_vertical, industry_vs_industry_research, sub_industry, workflow_pattern, total_events, classification_source, confidence",7
americanlithiumenergy2,"industry_vs_vertical, industry_vs_industry_research, sub_industry, workflow_pattern, total_events, classification_source, confidence",7
americanbackcountry,"industry_vs_vertical, industry_vs_industry_research, sub_industry, workflow_pattern, total_events, classification_source, confidence",7
ambessenterprisesinc3,"industry_vs_vertical, industry_vs_industry_research, sub_industry, workflow_pattern, qbo_industry_vs_sector, total_events, classification_source",7
amarenusa,"industry_vs_vertical, industry_vs_industry_research, sub_industry, workflow_pattern, total_events, classification_source, confidence",7
akzanwholesale,"industry_vs_vertical, industry_vs_industry_research, sub_industry, workflow_pattern, total_events, classification_source, confidence",7
antares,"industry_vs_vertical, industry_vs_industry_research, sub_industry, workflow_pattern, qbo_industry_vs_sector, total_events, classification_source, confidence",7
ajco,"industry_vs_vertical, industry_vs_industry_research, sub_industry, workflow_pattern, total_events, classification_source, confidence",7
acentel,"industry_vs_vertical, industry_vs_industry_research, sub_industry, workflow_pattern, qbo_industry_vs_sector, total_events, classification_source",7
access2mobilityinc,"industry_vs_vertical, industry_vs_industry_research, sub_industry, workflow_pattern, total_events, classification_source, confidence",7
abhasafinancialservices2,"industry_vs_vertical, industry_vs_industry_research, sub_industry, workflow_pattern, total_events, classification_source, confidence",7
WonkyConfections,"industry_vs_vertical, industry_vs_industry_research, sub_industry, workflow_pattern, qbo_industry_vs_sector, total_events, classification_source",7
USTestingEquipment,"industry_vs_vertical, industry_vs_industry_research, sub_industry, workflow_pattern, qbo_industry_vs_sector, total_events, classification_source",7
ThePianoPlaceMichigan,"industry_vs_industry_research, sub_industry, workflow_pattern, qbo_industry_vs_sector, total_events, classification_source, confidence",7
TexStar,"industry_vs_vertical, industry_vs_industry_research, sub_industry, workflow_pattern, qbo_industry_vs_sector, total_events, classification_source, confidence",7
FoamRubberFabricators,"industry_vs_vertical, industry_vs_industry_research, sub_industry, workflow_pattern, qbo_industry_vs_sector, total_events, classification_source, confidence",7
CryturUSA,"industry_vs_vertical, industry_vs_industry_research, sub_industry, workflow_pattern, qbo_industry_vs_sector, total_events, classification_source",7
animalhospitalsupplyinc2,"industry_vs_vertical, industry_vs_industry_research, sub_industry, workflow_pattern, total_events, classification_source, confidence",7
anytimebarsuppliesllcCo1,"industry_vs_vertical, industry_vs_industry_research, sub_industry, workflow_pattern, qbo_industry_vs_sector, total_events, classification_source, confidence",7
boswellwindows3,"industry_vs_vertical, industry_vs_industry_research, sub_industry, workflow_pattern, total_events, classification_source, confidence",7
back2internationalltd,"industry_vs_vertical, industry_vs_industry_research, sub_industry, workflow_pattern, qbo_industry_vs_sector, total_events, classification_source, confidence",7
boschfamilybrewingcompanyllc,"industry_vs_vertical, industry_vs_industry_research, sub_industry, workflow_pattern, total_events, classification_source, confidence",7
boeckeler,"industry_vs_vertical, industry_vs_industry_research, sub_industry, workflow_pattern, total_events, classification_source, confidence",7
blueridgescreenproducts,"industry_vs_vertical, industry_vs_industry_research, sub_industry, workflow_pattern, total_events, classification_source, confidence",7
blackstonesportsinc2,"industry_vs_vertical, industry_vs_industry_research, sub_industry, workflow_pattern, total_events, classification_source, confidence",7
bioskinaestheticsinc,"industry_vs_vertical, industry_vs_industry_research, sub_industry, workflow_pattern, total_events, classification_source, confidence",7
bieldentalcabinetsrebielcompanyinc,"industry_vs_vertical, industry_vs_industry_research, sub_industry, workflow_pattern, total_events, classification_source, confidence",7
bham,"industry_vs_vertical, industry_vs_industry_research, sub_industry, workflow_pattern, total_events, classification_source, confidence",7
bccrmed,"industry_vs_vertical, industry_vs_industry_research, sub_industry, workflow_pattern, total_events, classification_source, confidence",7
bassbrushes,"industry_vs_vertical, industry_vs_industry_research, sub_industry, workflow_pattern, total_events, classification_source, confidence",7
bandtcommunicationsinc3,"industry_vs_vertical, industry_vs_industry_research, sub_industry, workflow_pattern, qbo_industry_vs_sector, total_events, classification_source",7
automatedroomcontrolsinc2,"industry_vs_vertical, industry_vs_industry_research, sub_industry, workflow_pattern, total_events, classification_source, confidence",7
aplpg3,"industry_vs_vertical, industry_vs_industry_research, sub_industry, workflow_pattern, qbo_industry_vs_sector, total_events, classification_source",7
atlanticgraphics,"industry_vs_vertical, industry_vs_industry_research, sub_industry, workflow_pattern, qbo_industry_vs_sector, total_events, classification_source, confidence",7
ascocarbondioxideinc,"industry_vs_vertical, industry_vs_industry_research, sub_industry, workflow_pattern, qbo_industry_vs_sector, total_events, classification_source, confidence",7
artemisbiosolutions,"industry_vs_vertical, industry_vs_industry_research, sub_industry, workflow_pattern, qbo_industry_vs_sector, total_events, classification_source",7
artbrandsholdings,"industry_vs_vertical, industry_vs_industry_research, sub_industry, workflow_pattern, total_events, classification_source, confidence",7
aromaticfragrancetechnologies,"industry_vs_vertical, industry_vs_industry_research, sub_industry, workflow_pattern, total_events, classification_source, confidence",7
area51sportsltd,"industry_vs_vertical, industry_vs_industry_research, sub_industry, workflow_pattern, total_events, classification_source, confidence",7
arboragri,"industry_vs_vertical, industry_vs_industry_research, sub_industry, workflow_pattern, total_events, classification_source, confidence",7
appliedwatertechnologies,"industry_vs_vertical, industry_vs_industry_research, sub_industry, workflow_pattern, total_events, classification_source, confidence",7
appenninofoodusa,"industry_vs_vertical, industry_vs_industry_research, sub_industry, workflow_pattern, total_events, classification_source, confidence",7
apparelstuffrus2,"industry_vs_vertical, industry_vs_industry_research, sub_industry, workflow_pattern, total_events, classification_source, confidence",7
fibercablesdirect,"industry_vs_vertical, industry_vs_industry_research, sub_industry, workflow_pattern, total_events, classification_source, confidence",7
dmitriyco1,"industry_vs_vertical, industry_vs_industry_research, sub_industry, workflow_pattern, total_events, classification_source, confidence",7
fifoil,"industry_vs_vertical, industry_vs_industry_research, sub_industry, workflow_pattern, qbo_industry_vs_sector, total_events, classification_source, confidence",7
lafittesseafood,"industry_vs_vertical, industry_vs_industry_research, sub_industry, workflow_pattern, total_events, classification_source, confidence",7
jobena,"industry_vs_vertical, industry_vs_industry_research, sub_industry, workflow_pattern, total_events, classification_source, confidence",7
heavisideindustriesinc,"industry_vs_vertical, industry_vs_industry_research, sub_industry, workflow_pattern, qbo_industry_vs_sector, total_events, classification_source",7
jouffreinc2,"industry_vs_vertical, industry_vs_industry_research, sub_industry, workflow_pattern, qbo_industry_vs_sector, total_events, classification_source",7
healthcarestoragesolutionscorporation,"industry_vs_vertical, industry_vs_industry_research, sub_industry, workflow_pattern, total_events, classification_source, confidence",7
kandedistributing2,"industry_vs_vertical, industry_vs_industry_research, sub_industry, workflow_pattern, qbo_industry_vs_sector, total_events, classification_source",7
headnhome,"industry_vs_vertical, industry_vs_industry_research, sub_industry, workflow_pattern, total_events, classification_source, confidence",7
knf,"industry_vs_vertical, industry_vs_industry_research, sub_industry, workflow_pattern, total_events, classification_source, confidence",7
koolwaysports,"industry_vs_vertical, industry_vs_industry_research, sub_industry, workflow_pattern, total_events, classification_source, confidence",7
haygor,"industry_vs_vertical, industry_vs_industry_research, sub_industry, workflow_pattern, qbo_industry_vs_sector, total_events, classification_source",7
hawkvalve,"industry_vs_vertical, industry_vs_industry_research, sub_industry, workflow_pattern, total_events, classification_source, confidence",7
happydayflower,"industry_vs_vertical, industry_vs_industry_research, sub_industry, workflow_pattern, qbo_industry_vs_sector, total_events, classification_source, confidence",7
halosilinternationalnxtllc,"industry_vs_vertical, industry_vs_industry_research, sub_industry, workflow_pattern, qbo_industry_vs_sector, total_events, classification_source",7
kuumbamadeCo2,"industry_vs_vertical, industry_vs_industry_research, sub_industry, workflow_pattern, qbo_industry_vs_sector, total_events, classification_source, confidence",7
labelsplusCo1,"industry_vs_vertical, industry_vs_industry_research, sub_industry, workflow_pattern, qbo_industry_vs_sector, total_events, classification_source, confidence",7
gulfharvest2,"industry_vs_vertical, industry_vs_industry_research, sub_industry, workflow_pattern, qbo_industry_vs_sector, total_events, classification_source",7
jemmcollc,"industry_vs_vertical, industry_vs_industry_research, sub_industry, workflow_pattern, qbo_industry_vs_sector, total_events, classification_source",7
jdshouseoftrophies,"industry_vs_vertical, industry_vs_industry_research, sub_industry, workflow_pattern, total_events, classification_source, confidence",7
highpowerproducts,"industry_vs_vertical, industry_vs_industry_research, sub_industry, workflow_pattern, qbo_industry_vs_sector, total_events, classification_source",7
hydrospraywashsystemsinc,"industry_vs_vertical, industry_vs_industry_research, sub_industry, workflow_pattern, total_events, classification_source, confidence",7
icustomlabel,"industry_vs_vertical, industry_vs_industry_research, sub_industry, workflow_pattern, total_events, classification_source, confidence",7
iconusa,"industry_vs_vertical, industry_vs_industry_research, sub_industry, workflow_pattern, qbo_industry_vs_sector, total_events, classification_source",7
industrialodorcontrol2,"industry_vs_vertical, industry_vs_industry_research, sub_industry, workflow_pattern, qbo_industry_vs_sector, total_events, classification_source",7
iceworksbathco,"industry_vs_vertical, industry_vs_industry_research, sub_industry, workflow_pattern, total_events, classification_source, confidence",7
hyfloequipmentcompany3,"industry_vs_vertical, industry_vs_industry_research, sub_industry, workflow_pattern, qbo_industry_vs_sector, total_events, classification_source",7
informedag3,"industry_vs_vertical, industry_vs_industry_research, sub_industry, workflow_pattern, total_events, classification_source, confidence",7
huntercattlecompany2,"industry_vs_vertical, industry_vs_industry_research, sub_industry, workflow_pattern, total_events, classification_source, confidence",7
hisigns,"industry_vs_vertical, industry_vs_industry_research, sub_industry, workflow_pattern, total_events, classification_source, confidence",7
inspiredsciencesllc,"industry_vs_vertical, industry_vs_industry_research, sub_industry, workflow_pattern, total_events, classification_source, confidence",7
hsabearings,"industry_vs_vertical, industry_vs_industry_research, sub_industry, workflow_pattern, total_events, classification_source, confidence",7
howardcountymd,"industry_vs_vertical, industry_vs_industry_research, sub_industry, workflow_pattern, qbo_industry_vs_sector, total_events, classification_source",7
firestationfurniture,"industry_vs_vertical, industry_vs_industry_research, sub_industry, workflow_pattern, qbo_industry_vs_sector, total_events, classification_source, confidence",7
hongkongmarket,"industry_vs_vertical, industry_vs_industry_research, sub_industry, workflow_pattern, qbo_industry_vs_sector, total_events, classification_source",7
hollingbery,"industry_vs_vertical, industry_vs_industry_research, sub_industry, workflow_pattern, qbo_industry_vs_sector, total_events, classification_source",7
gtsimulators,"industry_vs_vertical, industry_vs_industry_research, sub_industry, workflow_pattern, total_events, classification_source, confidence",7
hattrickdistributioninc,"industry_vs_vertical, industry_vs_industry_research, sub_industry, workflow_pattern, total_events, classification_source, confidence",7
imperialprivacysystemsllc,"industry_vs_vertical, industry_vs_industry_research, sub_industry, workflow_pattern, total_events, classification_source, confidence",7
lancoacquisitionllc,"industry_vs_vertical, industry_vs_industry_research, sub_industry, workflow_pattern, total_events, classification_source, confidence",7
fujimats,"industry_vs_vertical, industry_vs_industry_research, sub_industry, workflow_pattern, total_events, classification_source, confidence",7
galaxy2,"industry_vs_vertical, industry_vs_industry_research, sub_industry, workflow_pattern, qbo_industry_vs_sector, total_events, classification_source",7
genprollc,"industry_vs_vertical, industry_vs_industry_research, sub_industry, workflow_pattern, qbo_industry_vs_sector, total_events, classification_source, confidence",7
lampnutra2,"industry_vs_vertical, industry_vs_industry_research, sub_industry, workflow_pattern, total_events, classification_source, confidence",7
getbold,"industry_vs_vertical, industry_vs_industry_research, sub_industry, workflow_pattern, total_events, classification_source, confidence",7
ghentindustrialsupplyinc,"industry_vs_vertical, industry_vs_industry_research, sub_industry, workflow_pattern, qbo_industry_vs_sector, total_events, classification_source",7
flooringrva,"industry_vs_vertical, industry_vs_industry_research, sub_industry, workflow_pattern, total_events, classification_source, confidence",7
leichtseattle1,"industry_vs_vertical, industry_vs_industry_research, sub_industry, workflow_pattern, qbo_industry_vs_sector, total_events, classification_source, confidence",7
goodchemistry,"industry_vs_vertical, industry_vs_industry_research, sub_industry, workflow_pattern, total_events, classification_source, confidence",7
fjsproductionsllc,"industry_vs_vertical, industry_vs_industry_research, sub_industry, workflow_pattern, qbo_industry_vs_sector, total_events, classification_source, confidence",7
leadingedgesales2,"industry_vs_vertical, industry_vs_industry_research, sub_industry, workflow_pattern, total_events, classification_source, confidence",7
furnitureprocorp,"industry_vs_vertical, industry_vs_industry_research, sub_industry, workflow_pattern, total_events, classification_source, confidence",7
fullcirclesolutionsllc,"industry_vs_vertical, industry_vs_industry_research, sub_industry, workflow_pattern, total_events, classification_source, confidence",7
greenandchapmanjv,"industry_vs_vertical, industry_vs_industry_research, sub_industry, workflow_pattern, qbo_industry_vs_sector, total_events, classification_source",7
firstmedicalinternationalcorp2,"industry_vs_vertical, industry_vs_industry_research, sub_industry, workflow_pattern, total_events, classification_source, confidence",7
greenmoab,"industry_vs_vertical, industry_vs_industry_research, sub_industry, workflow_pattern, qbo_industry_vs_sector, total_events, classification_source",7
grothouse,"industry_vs_vertical, industry_vs_industry_research, sub_industry, workflow_pattern, total_events, classification_source, confidence",7
lesgerstionsdmanagementlin,"industry_vs_vertical, industry_vs_industry_research, sub_industry, workflow_pattern, qbo_industry_vs_sector, total_events, classification_source",7
lancevalves2,"industry_vs_vertical, industry_vs_industry_research, sub_industry, workflow_pattern, total_events, classification_source, confidence",7
gsinks,"industry_vs_vertical, industry_vs_industry_research, sub_industry, workflow_pattern, qbo_industry_vs_sector, total_events, classification_source",7
fishfoodies,"industry_vs_vertical, industry_vs_industry_research, sub_industry, workflow_pattern, total_events, classification_source, confidence",7
CunninghamPianoCo,"industry_vs_industry_research, sub_industry, workflow_pattern, qbo_industry_vs_sector, total_events, classification_source, confidence",6
theheartpinecompany,"industry_vs_vertical, industry_vs_industry_research, sub_industry, workflow_pattern, qbo_industry_vs_sector, total_events, classification_source",6
MYOSCORP,"industry_vs_vertical, industry_vs_industry_research, sub_industry, workflow_pattern, qbo_industry_vs_sector, total_events, classification_source",6
impulseradarusainc,"industry_vs_vertical, industry_vs_industry_research, sub_industry, workflow_pattern, total_events, classification_source",6
ipme,"industry_vs_vertical, industry_vs_industry_research, sub_industry, workflow_pattern, qbo_industry_vs_sector, total_events, classification_source",6
Legitshipcbd06,"industry_vs_vertical, industry_vs_industry_research, sub_industry, workflow_pattern, qbo_industry_vs_sector, total_events, classification_source",6
DMS2021,"industry_vs_vertical, industry_vs_industry_research, sub_industry, workflow_pattern, total_events, classification_source",6
DMM21,"industry_vs_vertical, industry_vs_industry_research, sub_industry, workflow_pattern, total_events, classification_source",6
missionlaundryequipment3,"industry_vs_vertical, industry_vs_industry_research, sub_industry, workflow_pattern, total_events, classification_source",6
ErazorBits2017,"industry_vs_vertical, industry_vs_industry_research, sub_industry, workflow_pattern, total_events, classification_source",6
industrimax2,"industry_vs_vertical, industry_vs_industry_research, sub_industry, workflow_pattern, total_events, classification_source",6
aosolutions,"industry_vs_vertical, industry_vs_industry_research, sub_industry, workflow_pattern, qbo_industry_vs_sector, total_events, classification_source",6
abeep,"industry_vs_vertical, industry_vs_industry_research, sub_industry, workflow_pattern, total_events, classification_source",6
welshhottubs2,"industry_vs_vertical, industry_vs_industry_research, sub_industry, workflow_pattern, total_events, classification_source",6
ancientartsfibrecrafts,"industry_vs_vertical, industry_vs_industry_research, sub_industry, workflow_pattern, qbo_industry_vs_sector, total_events, classification_source",6
vogona,"industry_vs_vertical, industry_vs_industry_research, sub_industry, workflow_pattern, total_events, classification_source",6
vikingcommunicationsinc2,"industry_vs_vertical, industry_vs_industry_research, sub_industry, workflow_pattern, total_events, classification_source",6
Wilco,"industry_vs_vertical, industry_vs_industry_research, sub_industry, workflow_pattern, total_events, classification_source",6
affinityr,"industry_vs_vertical, industry_vs_industry_research, sub_industry, workflow_pattern, total_events, classification_source",6
africanchoicemarketltd,"industry_vs_vertical, industry_vs_industry_research, sub_industry, workflow_pattern, total_events, classification_source",6
agproinc,"industry_vs_vertical, industry_vs_industry_research, sub_industry, workflow_pattern, total_events, classification_source",6
mobilitycityofomaha,"industry_vs_vertical, industry_vs_industry_research, sub_industry, workflow_pattern, total_events, classification_source",6
uselitegear,"industry_vs_vertical, industry_vs_industry_research, sub_industry, workflow_pattern, total_events, classification_source",6
upstateanodizellc,"industry_vs_vertical, industry_vs_industry_research, sub_industry, workflow_pattern, total_events, classification_source",6
maxinesniderinc,"industry_vs_vertical, industry_vs_industry_research, sub_industry, workflow_pattern, total_events, classification_source",6
allmakeappliances,"industry_vs_industry_research, sub_industry, workflow_pattern, total_events, classification_source, confidence",6
knexMethod,"industry_vs_vertical, industry_vs_industry_research, sub_industry, workflow_pattern, qbo_industry_vs_sector, total_events, classification_source",6
ReuningMcKim,"industry_vs_vertical, industry_vs_industry_research, sub_industry, workflow_pattern, total_events, classification_source",6
kabsolution2,"industry_vs_vertical, industry_vs_industry_research, sub_industry, workflow_pattern, total_events, classification_source",6
uatllc,"industry_vs_vertical, industry_vs_industry_research, sub_industry, workflow_pattern, qbo_industry_vs_sector, total_events, classification_source",6
methodmobility,"industry_vs_vertical, industry_vs_industry_research, sub_industry, workflow_pattern, qbo_industry_vs_sector, total_events, classification_source",6
jpmdistributors,"industry_vs_vertical, industry_vs_industry_research, sub_industry, workflow_pattern, total_events, classification_source",6
midwestbuildingsupply,"industry_vs_vertical, industry_vs_industry_research, sub_industry, workflow_pattern, total_events, classification_source",6
NadalieUSA,"industry_vs_vertical, industry_vs_industry_research, sub_industry, workflow_pattern, total_events, classification_source",6
americansupplycompanyinc,"industry_vs_vertical, industry_vs_industry_research, sub_industry, workflow_pattern, total_events, classification_source",6
houhyd,"industry_vs_vertical, industry_vs_industry_research, sub_industry, workflow_pattern, total_events, classification_source",6
theatticdepot2,"industry_vs_vertical, industry_vs_industry_research, sub_industry, workflow_pattern, total_events, classification_source",6
theattachmentcompanyllc,"industry_vs_vertical, industry_vs_industry_research, sub_industry, workflow_pattern, total_events, classification_source",6
paladinpower2,"industry_vs_vertical, industry_vs_industry_research, sub_industry, workflow_pattern, total_events, classification_source",6
sierracontainergroup,"industry_vs_vertical, industry_vs_industry_research, sub_industry, workflow_pattern, total_events, classification_source",6
concealite,"industry_vs_vertical, industry_vs_industry_research, sub_industry, workflow_pattern, total_events, classification_source",6
sheffieldsupplyandequipmentoftexasllc,"industry_vs_vertical, industry_vs_industry_research, sub_industry, workflow_pattern, total_events, classification_source",6
sheffieldsupplyandequipment,"industry_vs_vertical, industry_vs_industry_research, sub_industry, workflow_pattern, total_events, classification_source",6
halderinc,"industry_vs_vertical, industry_vs_industry_research, sub_industry, workflow_pattern, total_events, classification_source",6
pcparlor,"industry_vs_vertical, industry_vs_industry_research, sub_industry, workflow_pattern, total_events, classification_source",6
cumsausa,"industry_vs_vertical, industry_vs_industry_research, sub_industry, workflow_pattern, total_events, classification_source",6
gsova,"industry_vs_vertical, industry_vs_industry_research, sub_industry, workflow_pattern, total_events, classification_source",6
penusa,"industry_vs_vertical, industry_vs_industry_research, sub_industry, workflow_pattern, qbo_industry_vs_sector, total_events, classification_source",6
perine2,"industry_vs_vertical, industry_vs_industry_research, sub_industry, workflow_pattern, total_events, classification_source",6
davinciandtesla,"industry_vs_vertical, industry_vs_industry_research, sub_industry, workflow_pattern, total_events, classification_source",6
perryco,"industry_vs_vertical, industry_vs_industry_research, sub_industry, workflow_pattern, total_events, classification_source",6
gothamlgt,"industry_vs_vertical, industry_vs_industry_research, sub_industry, workflow_pattern, total_events, classification_source",6
gorillahammers4,"industry_vs_vertical, industry_vs_industry_research, sub_industry, workflow_pattern, total_events, classification_source",6
fxpartnersusa1,"industry_vs_vertical, industry_vs_industry_research, sub_industry, workflow_pattern, total_events, classification_source",6
rapidindustriesqbd,"industry_vs_vertical, industry_vs_industry_research, sub_industry, workflow_pattern, total_events, classification_source",6
flowmeasurementservices,"industry_vs_vertical, industry_vs_industry_research, sub_industry, workflow_pattern, total_events, classification_source",6
poochiepets2,"industry_vs_vertical, industry_vs_industry_research, sub_industry, workflow_pattern, total_events, classification_source",6
elmusa,"industry_vs_vertical, industry_vs_industry_research, sub_industry, workflow_pattern, qbo_industry_vs_sector, total_events, classification_source",6
emeryallen2,"industry_vs_vertical, industry_vs_industry_research, sub_industry, workflow_pattern, total_events, classification_source",6
premierCo1,"industry_vs_vertical, industry_vs_industry_research, sub_industry, workflow_pattern, qbo_industry_vs_sector, total_events, classification_source",6
europenaingredientsCo2,"industry_vs_vertical, industry_vs_industry_research, sub_industry, workflow_pattern, total_events, classification_source",6
fivehundredandfiftyfivedistribution,"industry_vs_vertical, industry_vs_industry_research, sub_industry, workflow_pattern, total_events, classification_source",6
exloc9,"industry_vs_vertical, industry_vs_industry_research, sub_industry, workflow_pattern, total_events, classification_source",6
opcdistributionllc,"industry_vs_vertical, industry_vs_industry_research, sub_industry, workflow_pattern, total_events, classification_source",6
hccigarsdaytonallc2,"industry_vs_vertical, industry_vs_industry_research, sub_industry, workflow_pattern, total_events, classification_source",6
cfsusa1,"industry_vs_vertical, industry_vs_industry_research, sub_industry, workflow_pattern, total_events, classification_source",6
heritagesheds,"industry_vs_vertical, industry_vs_industry_research, sub_industry, workflow_pattern, total_events, classification_source",6
idsheat,"industry_vs_vertical, industry_vs_industry_research, sub_industry, workflow_pattern, total_events, classification_source",6
mokanfastenerandsupply,"industry_vs_vertical, industry_vs_industry_research, sub_industry, workflow_pattern, total_events, classification_source",6
aswnorth,"industry_vs_vertical, industry_vs_industry_research, sub_industry, workflow_pattern, total_events, classification_source",6
msf,"industry_vs_vertical, industry_vs_industry_research, sub_industry, workflow_pattern, qbo_industry_vs_sector, total_events, classification_source",6
surfaceteccorp3,"industry_vs_vertical, industry_vs_industry_research, sub_industry, workflow_pattern, total_events, classification_source",6
muleresophonicguitars,"industry_vs_vertical, industry_vs_industry_research, sub_industry, workflow_pattern, total_events, classification_source",6
hydeparkpartners,"industry_vs_vertical, industry_vs_industry_research, sub_industry, workflow_pattern, total_events, classification_source",6
hucksterinc,"industry_vs_vertical, industry_vs_industry_research, sub_industry, workflow_pattern, total_events, classification_source",6
strongwellness,"industry_vs_vertical, industry_vs_industry_research, sub_industry, workflow_pattern, total_events, classification_source",6
highcottonCo2,"industry_vs_vertical, industry_vs_industry_research, sub_industry, workflow_pattern, total_events, classification_source",6
hidcorind,"industry_vs_vertical, industry_vs_industry_research, sub_industry, workflow_pattern, qbo_industry_vs_sector, total_events, classification_source",6
buddyventuresinternationalltd2,"industry_vs_vertical, industry_vs_industry_research, sub_industry, workflow_pattern, total_events, classification_source",6
officefirstsolutions,"industry_vs_vertical, industry_vs_industry_research, sub_industry, workflow_pattern, total_events, classification_source",6
ssisanitary,"industry_vs_vertical, industry_vs_industry_research, sub_industry, workflow_pattern, total_events, classification_source",6
hendersonenterprises,"industry_vs_vertical, industry_vs_industry_research, sub_industry, workflow_pattern, total_events, classification_source",6
spatialgenomics3,"industry_vs_vertical, industry_vs_industry_research, sub_industry, workflow_pattern, total_events, classification_source",6
byisbeveragellc2,"industry_vs_vertical, industry_vs_industry_research, sub_industry, workflow_pattern, total_events, classification_source",6
southwestenvirotxpartnersllc,"industry_vs_vertical, industry_vs_industry_research, sub_industry, workflow_pattern, total_events, classification_source",6
callanindustrial2,"industry_vs_vertical, industry_vs_industry_research, sub_industry, workflow_pattern, total_events, classification_source",6
sonoranprocess,"industry_vs_vertical, industry_vs_industry_research, sub_industry, workflow_pattern, total_events, classification_source",6
candhaggregatesllc,"industry_vs_vertical, industry_vs_industry_research, sub_industry, workflow_pattern, total_events, classification_source",6
hdindustriesinc,"industry_vs_vertical, industry_vs_industry_research, sub_industry, workflow_pattern, total_events, classification_source",6
hddsupply,"industry_vs_vertical, industry_vs_industry_research, sub_industry, workflow_pattern, total_events, classification_source",6
centricityvisioninc3,"industry_vs_vertical, industry_vs_industry_research, sub_industry, workflow_pattern, total_events, classification_source",6
insightsurgical,"industry_vs_vertical, industry_vs_industry_research, sub_industry, workflow_pattern, total_events, classification_source",6
