account,research_industry,research_sub,research_source,research_confidence,enriched_vertical
magicbreezekombucha,Food & Beverage,Craft Beverages (Kombucha),manual_verification,high,Manufacturing (MWD)
synova,Other,Unclassified,unclassified,,Wholesale and distribution services (MWD)
ssisanitary,Other,Unclassified,unclassified,,Wholesale and distribution services (MWD)
allmakeappliances,Retail,Appliances,llm_classification,medium,Retail
hyfloequipmentcompany3,Other,Unclassified,unclassified,,Retail
stickersandmore4,Consumer Goods,Signs/Labels,llm_classification,medium,Manufacturing (MWD)
battlerattle,Food & Beverage,Spirits,llm_classification,medium,Wholesale and distribution services (MWD)
americansafetyandfirehouse,Security Equipment,Safes/Security,llm_classification,medium,Wholesale and distribution services (MWD)
missionlaundryequipment3,Other,Unclassified,unclassified,,Wholesale and distribution services (MWD)
cassinala2,Furniture,Furniture,llm_classification,medium,Retail
peakperformancecampers,Sports & Recreation,Outdoor/Camping,llm_classification,medium,Manufacturing (MWD)
industrimax2,Other,Unclassified,unclassified,,Wholesale and distribution services (MWD)
formersinternational5,Manufacturing,Food Packaging Equipment,llm_classification,medium,Manufacturing (MWD)
deansbeansorganiccoffee4,Food & Beverage,Coffee Roasting,manual_verification,high,Wholesale and distribution services (MWD)
concealite,Other,Unclassified,unclassified,,Manufacturing (MWD)
gsinks,Other,Unclassified,unclassified,,Manufacturing (MWD)
norwooddeviceanddiagnostics,Construction & Building,Lumber,llm_classification,medium,Retail
g3packaging2,Food & Beverage,Spirits,llm_classification,medium,Manufacturing (MWD)
burnewiin2,Other,Unclassified,unclassified,,Manufacturing (MWD)
gorillahammers4,Other,Unclassified,unclassified,,Wholesale and distribution services (MWD)
lumerasolarinc,Electrical,Solar,llm_classification,medium,Manufacturing (MWD)
moderncompressorsales,Industrial,Compressor Equipment,manual_verification,high,Manufacturing (MWD)
acentel,Other,Unclassified,unclassified,,Wholesale and distribution services (MWD)
nxtchlng,Construction & Building,Doors & Windows,llm_classification,medium,Manufacturing (MWD)
radsuramerica,Other,Unclassified,unclassified,,Wholesale and distribution services (MWD)
gothamlgt,Other,Unclassified,unclassified,,Wholesale and distribution services (MWD)
hendersonenterprises,Other,Unclassified,unclassified,,Wholesale and distribution services (MWD)
appenninofoodusa,Food & Beverage,Spirits,llm_classification,medium,Wholesale and distribution services (MWD)
sierracontainergroup,Other,Unclassified,unclassified,,Manufacturing (MWD)
cuveecoffee,Food & Beverage,Coffee Roasting,manual_verification,high,Wholesale and distribution services (MWD)
fibercablesdirect,Technology,Fiber Optics,manual_verification,high,Manufacturing (MWD)
koolwaysports,Consumer Goods,Adaptive Fashion,manual_verification,high,Manufacturing (MWD)
icustomlabel,Food & Beverage,Spirits,llm_classification,medium,Wholesale and distribution services (MWD)
audioconcepts,Consumer Goods,Jewelry,llm_classification,medium,Retail
blackstonesportsinc2,Construction & Building,Concrete/Masonry,llm_classification,medium,Manufacturing (MWD)
industrialodorcontrol2,Other,Unclassified,unclassified,,Manufacturing (MWD)
wmuniformgroup,Other,Unclassified,unclassified,,Wholesale and distribution services (MWD)
commonwealthindustrialinc,Food & Beverage,Spirits,llm_classification,medium,Manufacturing (MWD)
woodlabuae,Construction & Building,Lumber,llm_classification,medium,Manufacturing (MWD)
geotoolsusa,Industrial,Tools/Hardware,llm_classification,medium,Manufacturing (MWD)
socalfencesupply2,Construction & Building,Fencing/Decking,llm_classification,medium,Wholesale and distribution services (MWD)
diamondbladedistributorsllc,Consumer Goods,Jewelry,llm_classification,medium,Wholesale and distribution services (MWD)
planesights,Industrial,Aerospace Safety Equipment,llm_classification,medium,Manufacturing (MWD)
questonedistributors,Construction & Building,Concrete/Masonry,llm_classification,medium,Wholesale and distribution services (MWD)
namesakebrewing,Food & Beverage,Craft Beer,manual_verification,high,Manufacturing (MWD)
stevenenterprises2,Other,Unclassified,unclassified,,Retail
smakdab,Food & Beverage,Wine,llm_classification,medium,Manufacturing (MWD)
georgiapowdercoating3,Manufacturing,Powder Coating Services,llm_classification,medium,Manufacturing (MWD)
accesscasters3,Industrial,Casters & Wheels,manual_verification,high,Wholesale and distribution services (MWD)
davishoseinc,Industrial,Industrial Hose,manual_verification,high,Retail
capitalabrasivesllc,Industrial,Abrasives,llm_classification,medium,Wholesale and distribution services (MWD)
harbertcastingrepair,Manufacturing,Machining & Repair,llm_classification,medium,Manufacturing (MWD)
gulfharvest2,Other,Unclassified,unclassified,,Wholesale and distribution services (MWD)
categorycreations,Other,Unclassified,unclassified,,Wholesale and distribution services (MWD)
ezbrandsllc,Consumer Goods,Promotional Products,llm_classification,medium,Wholesale and distribution services (MWD)
armal,Manufacturing,Portable Sanitation,llm_classification,medium,Manufacturing (MWD)
heavisideindustriesinc,Other,Unclassified,unclassified,,Manufacturing (MWD)
steelecomponents,Industrial,Ammunition Components,llm_classification,medium,Wholesale and distribution services (MWD)
sitepieces2,Furniture,Outdoor Site Furnishings,llm_classification,medium,Wholesale and distribution services (MWD)
tekkometals,Manufacturing,Metal Fabrication,llm_classification,medium,Manufacturing (MWD)
catsfilters,Industrial,Filtration,llm_classification,medium,Wholesale and distribution services (MWD)
stamfordtimeandco,Food & Beverage,Spirits,llm_classification,medium,Retail
pneusquebecnet,Automotive,Tires,manual_verification,high,Wholesale and distribution services (MWD)
ssifiresolutions,Safety Equipment,Fire Safety,llm_classification,medium,Wholesale and distribution services (MWD)
mycologicalnaturalproducts,Other,Unclassified,unclassified,,Wholesale and distribution services (MWD)
silverlinejudaica,Consumer Goods,Religious Products,manual_verification,high,Retail
bandtcommunicationsinc3,Other,Unclassified,unclassified,,Retail
larryssausage,Food & Beverage,Meat Processing,llm_classification,medium,Manufacturing (MWD)
americansupplycompanyinc,Other,Unclassified,unclassified,,Retail
big,Furniture,Furniture,llm_classification,medium,Retail
helenarosejewelry,Consumer Goods,Jewelry,manual_verification,high,Wholesale and distribution services (MWD)
readyvista,Food & Beverage,Restaurant Supply,llm_classification,medium,Wholesale and distribution services (MWD)
plasmaprocessgroup4,Services,Professional Services,llm_classification,medium,Manufacturing (MWD)
uselitegear,Other,Unclassified,unclassified,,Retail
dtsdirect,Other,Unclassified,unclassified,,Wholesale and distribution services (MWD)
candhaggregatesllc,Other,Unclassified,unclassified,,Wholesale and distribution services (MWD)
africanchoicemarketltd,Other,Unclassified,unclassified,,Retail
ultimax,Other,Unclassified,unclassified,,Wholesale and distribution services (MWD)
emeryallen2,Other,Unclassified,unclassified,,Manufacturing (MWD)
rakit3,Other,Unclassified,unclassified,,Retail
brandxmetalsinc2,Consumer Goods,Promotional Products,llm_classification,medium,Wholesale and distribution services (MWD)
sacredstudiosinc,Food & Beverage,Coffee,llm_classification,medium,Retail
tangiblecreative2,Manufacturing,3D Printing Services,llm_classification,medium,Manufacturing (MWD)
bioskinaestheticsinc,Consumer Goods,Beauty/Personal Care,llm_classification,medium,Retail
crimsonimaging,Food & Beverage,Spirits,llm_classification,medium,Wholesale and distribution services (MWD)
sheffieldsupplyandequipmentoftexasllc,Other,Unclassified,unclassified,,Retail
sheffieldsupplyandequipment,Other,Unclassified,unclassified,,Retail
solshinehair,Food & Beverage,Spirits,llm_classification,medium,Retail
icandyenergydrink,Food & Beverage,Spirits,llm_classification,medium,Wholesale and distribution services (MWD)
customindustrial2,Other,Unclassified,unclassified,,Manufacturing (MWD)
upstateanodizellc,Other,Unclassified,unclassified,,Manufacturing (MWD)
fosterus,Consumer Goods,Kitchen Appliances,manual_verification,high,Wholesale and distribution services (MWD)
drinkade,Other,Unclassified,unclassified,,Wholesale and distribution services (MWD)
topoffice,Consumer Goods,Jewelry,llm_classification,medium,Wholesale and distribution services (MWD)
perryco,Other,Unclassified,unclassified,,Manufacturing (MWD)
uniquewoodfloor,Construction & Building,Flooring,llm_classification,medium,Retail
thomashayesstudio3,Services,Professional Services,llm_classification,medium,Manufacturing (MWD)
amtonllcbabyclubchic,Consumer Goods,Baby Products,manual_verification,high,Wholesale and distribution services (MWD)
precisiondoors3,Construction & Building,Doors & Windows,llm_classification,medium,Manufacturing (MWD)
todaytomorrowapparel,Consumer Goods,Apparel,llm_classification,medium,Wholesale and distribution services (MWD)
bl2systemsllc,Technology,Software/Technology,llm_classification,medium,Manufacturing (MWD)
midwestbuildingsupply,Other,Unclassified,unclassified,,Retail
abhasafinancialservices2,Services,Financial Services,manual_verification,medium,Wholesale and distribution services (MWD)
strongwellness,Other,Unclassified,unclassified,,Wholesale and distribution services (MWD)
howardcountymd,Other,Unclassified,unclassified,,Retail
donecdistributors,Technology,Electronics Wholesale,manual_verification,high,Wholesale and distribution services (MWD)
miminternationalinc,Services,Professional Services,llm_classification,medium,Wholesale and distribution services (MWD)
ghentindustrialsupplyinc,Other,Unclassified,unclassified,,Wholesale and distribution services (MWD)
byisbeveragellc2,Other,Unclassified,unclassified,,Wholesale and distribution services (MWD)
pspglobalwines2,Food & Beverage,Wine,llm_classification,medium,Wholesale and distribution services (MWD)
medallionfence,Construction & Building,Fencing/Decking,llm_classification,medium,Manufacturing (MWD)
nearymartin,Consumer Goods,Apparel,llm_classification,medium,Wholesale and distribution services (MWD)
reaganwirelesscorp,Electrical,Electrical Supply,llm_classification,medium,Wholesale and distribution services (MWD)
kabsolution2,Other,Unclassified,unclassified,,Manufacturing (MWD)
memiairellc,Construction & Building,HVAC,llm_classification,medium,Wholesale and distribution services (MWD)
awcomm2,Technology,Communications Equipment,manual_verification,medium,Retail
amarenusa,Consumer Goods,Jewelry,llm_classification,medium,Wholesale and distribution services (MWD)
superiorcleaningequipmentinc,Services,Professional Services,llm_classification,medium,Retail
classicexhaustsystemsllc,Technology,Software/Technology,llm_classification,medium,Manufacturing (MWD)
mokanfastenerandsupply,Other,Unclassified,unclassified,,Wholesale and distribution services (MWD)
picturethisframinginc,Food & Beverage,Spirits,llm_classification,medium,Manufacturing (MWD)
militarypilotsupplyoftexasllc,Consumer Goods,Aviation Supplies,manual_verification,medium,Manufacturing (MWD)
easternwireproducts,Electrical,Electrical Supply,llm_classification,medium,Manufacturing (MWD)
lightingxcorp,Electrical,Lighting,llm_classification,medium,Wholesale and distribution services (MWD)
revivehealthcaregroup,Healthcare & Medical,Medical Equipment,llm_classification,medium,Wholesale and distribution services (MWD)
miabsgpteltd,Food & Beverage,Wine,llm_classification,medium,Wholesale and distribution services (MWD)
thecarekioskptyltd,Automotive,Auto Parts,llm_classification,medium,Wholesale and distribution services (MWD)
dosesteel2,Food & Beverage,Spirits,llm_classification,medium,Manufacturing (MWD)
labedahockeygear,Healthcare & Medical,Lab Equipment,llm_classification,medium,Manufacturing (MWD)
lot49llcdbabox7imports,Manufacturing,Packaging,llm_classification,medium,Wholesale and distribution services (MWD)
clandestinelabz,Healthcare & Medical,Lab Equipment,llm_classification,medium,Wholesale and distribution services (MWD)
nationcor,Food & Beverage,Spirits,llm_classification,medium,Manufacturing (MWD)
cyclallc,Food & Beverage,Spirits,llm_classification,medium,Wholesale and distribution services (MWD)
pcparlor,Other,Unclassified,unclassified,,Manufacturing (MWD)
maaribu,Food & Beverage,Coffee,llm_classification,medium,Wholesale and distribution services (MWD)
outriggerpads,Consumer Goods,Jewelry,llm_classification,medium,Manufacturing (MWD)
greenandchapmanjv,Other,Unclassified,unclassified,,Wholesale and distribution services (MWD)
premiumpb2,Other,Unclassified,unclassified,,Manufacturing (MWD)
insightsurgical,Other,Unclassified,unclassified,,Wholesale and distribution services (MWD)
boschfamilybrewingcompanyllc,Food & Beverage,Craft Beer,llm_classification,medium,Retail
sabradental,Healthcare & Medical,Medical Equipment,llm_classification,medium,Manufacturing (MWD)
coffeebeancorral2,Food & Beverage,Coffee,llm_classification,medium,Retail
woodforminteriorsltd,Construction & Building,Lumber,llm_classification,medium,Manufacturing (MWD)
nupointsystems2,Technology,Software/Technology,llm_classification,medium,Manufacturing (MWD)
holeintheroof2,Construction & Building,Roofing,llm_classification,medium,Wholesale and distribution services (MWD)
chairstuff3,Construction & Building,HVAC,llm_classification,medium,Retail
rainbowconcreteindustrieslimited,Construction & Building,Concrete/Masonry,llm_classification,medium,Manufacturing (MWD)
automatedatticstair,Construction & Building,HVAC,llm_classification,medium,Retail
red88eyewearinc,Consumer Goods,Apparel,llm_classification,medium,Wholesale and distribution services (MWD)
hddsupply,Other,Unclassified,unclassified,,Retail
poochiepets2,Other,Unclassified,unclassified,,Wholesale and distribution services (MWD)
greenmoab,Other,Unclassified,unclassified,,Manufacturing (MWD)
osupplies,Food & Beverage,Spirits,llm_classification,medium,Wholesale and distribution services (MWD)
sobremesamanagement2,Food & Beverage,Specialty Food Distribution,manual_verification,high,Wholesale and distribution services (MWD)
norenthermal,Industrial,Thermal Management,manual_verification,high,Manufacturing (MWD)
gtsimulators,Healthcare & Medical,Medical Training Simulators,manual_verification,high,Retail
gsova,Other,Unclassified,unclassified,,Wholesale and distribution services (MWD)
elevatedmetalscorp2,Manufacturing,Metal Fabrication,llm_classification,medium,Manufacturing (MWD)
dubgifcollc,Other,Unclassified,unclassified,,Wholesale and distribution services (MWD)
cooksmart2,Food & Beverage,Spirits,llm_classification,medium,Wholesale and distribution services (MWD)
rayhil2,Electrical,Lighting,llm_classification,medium,Manufacturing (MWD)
progressivewestman3,Services,Professional Services,llm_classification,medium,Wholesale and distribution services (MWD)
flipoffice4,Furniture,Furniture,llm_classification,medium,Retail
wallbedsnmore,Furniture,Furniture,llm_classification,medium,Retail
kennebeccabinetry,Food & Beverage,Spirits,llm_classification,medium,Manufacturing (MWD)
vacairindustries,Construction & Building,HVAC,llm_classification,medium,Manufacturing (MWD)
experthosiery,Consumer Goods,Apparel/Hosiery,manual_verification,high,Wholesale and distribution services (MWD)
southgateprocessequipmentinc,Industrial,Heat Transfer Equipment,manual_verification,high,Wholesale and distribution services (MWD)
rainwatermanagmentsolutions,Construction & Building,Water Management,manual_verification,high,Manufacturing (MWD)
pneumaticplus,Industrial,Industrial Equipment,llm_classification,medium,Wholesale and distribution services (MWD)
fullcirclesolutionsllc,Manufacturing,Pallets/Packaging,manual_verification,high,Wholesale and distribution services (MWD)
carolinalightinggroup,Electrical,Lighting,llm_classification,medium,Wholesale and distribution services (MWD)
deccanfoods4,Food & Beverage,Food Distribution,llm_classification,medium,Wholesale and distribution services (MWD)
mobilitycityoflasvegas2,Other,Unclassified,unclassified,,Wholesale and distribution services (MWD)
fivehundredandfiftyfivedistribution,Other,Unclassified,unclassified,,Wholesale and distribution services (MWD)
theatticdepot2,Other,Unclassified,unclassified,,Wholesale and distribution services (MWD)
betterbuychairsinc,Construction & Building,HVAC,llm_classification,medium,Wholesale and distribution services (MWD)
montanamixers,Services,Professional Services,llm_classification,medium,Manufacturing (MWD)
vogona,Other,Unclassified,unclassified,,Retail
treatmenttechnology,Food & Beverage,Spirits,llm_classification,medium,Wholesale and distribution services (MWD)
duecksmechanicalinc,Services,Mechanical Services,manual_verification,medium,Manufacturing (MWD)
randolphpaper2,Manufacturing,Paper Distribution,manual_verification,high,Wholesale and distribution services (MWD)
carlsondockandbarge,Automotive,Auto Parts,llm_classification,medium,Retail
fishfoodies,Food & Beverage,Seafood,llm_classification,medium,Wholesale and distribution services (MWD)
dddirect,Construction & Building,Sealants/Building Materials,manual_verification,high,Wholesale and distribution services (MWD)
sherbistone,Construction & Building,Concrete/Masonry,llm_classification,medium,Wholesale and distribution services (MWD)
publicmetal,Manufacturing,Metal Fabrication,llm_classification,medium,Manufacturing (MWD)
sonomachampagnesabres,Food & Beverage,Wine,llm_classification,medium,Retail
summitlaboratories2,Healthcare & Medical,Lab Equipment,llm_classification,medium,Manufacturing (MWD)
summitflooring,Construction & Building,Flooring,llm_classification,medium,Wholesale and distribution services (MWD)
ozenairtechnology2,Construction & Building,HVAC,llm_classification,medium,Manufacturing (MWD)
aromaticfragrancetechnologies,Consumer Goods,Home Fragrance,llm_classification,medium,Manufacturing (MWD)
rexdistributioninc,Food & Beverage,Chai & Coffee Equipment,manual_verification,high,Wholesale and distribution services (MWD)
edreedcompany,Other,Unclassified,unclassified,,Wholesale and distribution services (MWD)
mjjdassociatesllc,Consumer Goods,Jewelry,llm_classification,medium,Manufacturing (MWD)
davinciandtesla,Other,Unclassified,unclassified,,Wholesale and distribution services (MWD)
genesismachineandfabricationinc,Manufacturing,Metal Fabrication,llm_classification,medium,Wholesale and distribution services (MWD)
bieldentalcabinetsrebielcompanyinc,Healthcare & Medical,Medical Equipment,llm_classification,medium,Manufacturing (MWD)
kandedistributing2,Other,Unclassified,unclassified,,Wholesale and distribution services (MWD)
petitvin2,Food & Beverage,Wine,llm_classification,medium,Wholesale and distribution services (MWD)
cpvusanew,Food & Beverage,Cooking Oils/Shortening,manual_verification,high,Wholesale and distribution services (MWD)
callanindustrial2,Other,Unclassified,unclassified,,Manufacturing (MWD)
underhillinternational,Other,Unclassified,unclassified,,Manufacturing (MWD)
hawkvalve,Food & Beverage,Spirits,llm_classification,medium,Wholesale and distribution services (MWD)
canadalab,Food & Beverage,Spirits,llm_classification,medium,Wholesale and distribution services (MWD)
coastalwipers,Industrial,Cleaning Supplies,manual_verification,high,Manufacturing (MWD)
bairespackusa2,Food & Beverage,Spirits,llm_classification,medium,Manufacturing (MWD)
protechequipment,Food & Beverage,Spirits,llm_classification,medium,Manufacturing (MWD)
papajifoods3,Food & Beverage,Coffee,llm_classification,medium,Wholesale and distribution services (MWD)
cooksdoorsandmouldingsinc,Construction & Building,Doors & Windows,llm_classification,medium,Retail
hucksterinc,Other,Unclassified,unclassified,,Wholesale and distribution services (MWD)
mnjenterprisellc,Food & Beverage,Kratom Products,manual_verification,high,Wholesale and distribution services (MWD)
totalfeedsinc,Other,Unclassified,unclassified,,Manufacturing (MWD)
opcdistributionllc,Other,Unclassified,unclassified,,Wholesale and distribution services (MWD)
arboragri,Services,Professional Services,llm_classification,medium,Wholesale and distribution services (MWD)
automatedroomcontrolsinc2,Food & Beverage,Spirits,llm_classification,medium,Wholesale and distribution services (MWD)
redstonetechnical,Construction & Building,Concrete/Masonry,llm_classification,medium,Wholesale and distribution services (MWD)
lesgerstionsdmanagementlin,Other,Unclassified,unclassified,,Wholesale and distribution services (MWD)
mobilitycityofworcestermassachusetts,Healthcare & Medical,Mobility Equipment,manual_verification,high,Retail
highpowerproducts,Other,Unclassified,unclassified,,Manufacturing (MWD)
southweststeelfabrication,Manufacturing,Metal Fabrication,llm_classification,medium,Manufacturing (MWD)
norcada3,Food & Beverage,Spirits,llm_classification,medium,Manufacturing (MWD)
vikingcommunicationsinc2,Other,Unclassified,unclassified,,Retail
mobilitycityofgreatercincinnati,Other,Unclassified,unclassified,,Retail
ajco,Consumer Goods,Jewelry,llm_classification,medium,Wholesale and distribution services (MWD)
smindustries3,Construction & Building,Doors & Windows,llm_classification,medium,Wholesale and distribution services (MWD)
reidwitlinltd,Manufacturing,Commercial Textiles,manual_verification,high,Wholesale and distribution services (MWD)
protectconstruction,Safety Equipment,Safety Equipment,llm_classification,medium,Wholesale and distribution services (MWD)
marineinnovations2,Sports & Recreation,Marine/Boating,llm_classification,medium,Manufacturing (MWD)
ceramicainc,Construction & Building,Stone/Masonry,manual_verification,high,Manufacturing (MWD)
hydrospraywashsystemsinc,Technology,Software/Technology,llm_classification,medium,Wholesale and distribution services (MWD)
evolutiontrailertechnologies,Technology,Software/Technology,llm_classification,medium,Manufacturing (MWD)
apparelstuffrus2,Consumer Goods,Apparel,llm_classification,medium,Retail
mobilitycityofcoloradosprings,Consumer Goods,Jewelry,llm_classification,medium,Retail
lmhdistribution,Industrial,Distribution,manual_verification,low,Wholesale and distribution services (MWD)
sylcadesigns2,Consumer Goods,Jewelry,llm_classification,medium,Wholesale and distribution services (MWD)
dsagllc2,Other,Unclassified,unclassified,,Retail
boswellwindows3,Construction & Building,Doors & Windows,llm_classification,medium,Manufacturing (MWD)
trimports,Industrial,Import/Distribution,manual_verification,low,Wholesale and distribution services (MWD)
roimetalbuildings,Food & Beverage,Spirits,llm_classification,medium,Retail
pacificlink,Other,Unclassified,unclassified,,Wholesale and distribution services (MWD)
crowncreationsinc,Other,Unclassified,unclassified,,Manufacturing (MWD)
boxgangmanufacturing2,Consumer Goods,Jewelry,llm_classification,medium,Manufacturing (MWD)
equustockopcollc,Furniture,Furniture,llm_classification,medium,Manufacturing (MWD)
anchorsupply2,Healthcare & Medical,Medical Equipment,llm_classification,medium,Wholesale and distribution services (MWD)
leadingedgesales2,Food & Beverage,Craft Beer,llm_classification,medium,Wholesale and distribution services (MWD)
brinksmfgco,Consumer Goods,Jewelry,llm_classification,medium,Manufacturing (MWD)
hdindustriesinc,Other,Unclassified,unclassified,,Manufacturing (MWD)
abbeyhardware,Industrial,Tools/Hardware,llm_classification,medium,Wholesale and distribution services (MWD)
cbsolutionslp,Food & Beverage,Spirits,llm_classification,medium,Wholesale and distribution services (MWD)
vortex2,Consumer Goods,Jewelry,llm_classification,medium,Manufacturing (MWD)
galaxy2,Other,Unclassified,unclassified,,Wholesale and distribution services (MWD)
atlanticrestaurantandsupermarketequipment,Consumer Goods,Jewelry,llm_classification,medium,Wholesale and distribution services (MWD)
perlite,Food & Beverage,Spirits,llm_classification,medium,Wholesale and distribution services (MWD)
planetarydesign2,Food & Beverage,Coffee,llm_classification,medium,Wholesale and distribution services (MWD)
sixdegreesnorthbeveragegroup,Food & Beverage,Coffee,llm_classification,medium,Wholesale and distribution services (MWD)
brewersicecompanyllc,Food & Beverage,Craft Beer,llm_classification,medium,Manufacturing (MWD)
yudoinc,Consumer Goods,Jewelry,llm_classification,medium,Manufacturing (MWD)
quipementsvegtech,Technology,Software/Technology,llm_classification,medium,Manufacturing (MWD)
periodmouldings2,Construction & Building,Mouldings/Millwork,manual_verification,high,Manufacturing (MWD)
fuelinjectorclinic2,Consumer Goods,Jewelry,llm_classification,medium,Manufacturing (MWD)
aandmdiscountfurniture4,Consumer Goods,Jewelry,llm_classification,medium,Retail
mustangnorth,Industrial,Material Handling Equipment,manual_verification,high,Wholesale and distribution services (MWD)
energycurve,Retail,Retail/General,manual_verification,low,Manufacturing (MWD)
ebamethod,Industrial,Power Tools/Drilling Equipment,manual_verification,high,Manufacturing (MWD)
flooringrva,Construction & Building,Flooring,manual_verification,high,Retail
halosilinternationalnxtllc,Other,Unclassified,unclassified,,Manufacturing (MWD)
area51sportsltd,Consumer Goods,Jewelry,llm_classification,medium,Wholesale and distribution services (MWD)
championproducts2,Industrial,Industrial Supplies,manual_verification,low,Wholesale and distribution services (MWD)
atlanticindustrialcorp,Industrial,Industrial Distribution,manual_verification,high,Wholesale and distribution services (MWD)
nationalfiltersupply,Industrial,Filtration,llm_classification,medium,Wholesale and distribution services (MWD)
jemmcollc,Other,Unclassified,unclassified,,Manufacturing (MWD)
goldnerdockconstruction,Consumer Goods,Jewelry,llm_classification,medium,Manufacturing (MWD)
limbbusterllc,Industrial,Tree Trimming Equipment,manual_verification,high,Manufacturing (MWD)
pghorticulturelimited,Consumer Goods,Jewelry,llm_classification,medium,Wholesale and distribution services (MWD)
wearingwilliamsltd2,Consumer Goods,Jewelry,llm_classification,medium,Wholesale and distribution services (MWD)
tandssalesinc,Food & Beverage,Craft Beer,llm_classification,medium,Wholesale and distribution services (MWD)
commfitness3,Construction & Building,Flooring,llm_classification,medium,Wholesale and distribution services (MWD)
transmetroninc3,Industrial,Distribution/Shipping,manual_verification,medium,Retail
whiteherrinmetals,Manufacturing,Metal Fabrication,llm_classification,medium,Manufacturing (MWD)
hongkongmarket,Other,Unclassified,unclassified,,Wholesale and distribution services (MWD)
luxuryair,Construction & Building,HVAC,llm_classification,medium,Retail
dalmatianfireequipment,Safety Equipment,Fire Safety,llm_classification,medium,Manufacturing (MWD)
jdshouseoftrophies,Consumer Goods,Awards/Trophies,manual_verification,high,Retail
autorescuetools,Industrial,Tools/Hardware,llm_classification,medium,Retail
acheerfulgiver,Consumer Goods,Home Fragrance/Candles,manual_verification,high,Wholesale and distribution services (MWD)
informedag3,Food & Beverage,Spirits,llm_classification,medium,Retail
americanlithiumenergy2,Food & Beverage,Spirits,llm_classification,medium,Manufacturing (MWD)
baconmail,Consumer Goods,Pet/Garden Supplies,manual_verification,medium,Manufacturing (MWD)
prionesource,Construction & Building,Doors & Windows,llm_classification,medium,Wholesale and distribution services (MWD)
buddyventuresinternationalltd2,Other,Unclassified,unclassified,,Retail
americanbackcountry,Consumer Goods,Apparel,llm_classification,medium,Wholesale and distribution services (MWD)
fencetrac2,Construction & Building,Fencing/Decking,llm_classification,medium,Manufacturing (MWD)
cappadociarugsllc,Food & Beverage,Spirits,llm_classification,medium,Wholesale and distribution services (MWD)
muleresophonicguitars,Other,Unclassified,unclassified,,Manufacturing (MWD)
wktrincdbafloridadocks,Other,Unclassified,unclassified,,Wholesale and distribution services (MWD)
halderinc,Other,Unclassified,unclassified,,Wholesale and distribution services (MWD)
flowmeasurementservices,Other,Unclassified,unclassified,,Wholesale and distribution services (MWD)
ambessenterprisesinc3,Other,Unclassified,unclassified,,Wholesale and distribution services (MWD)
spatialgenomics3,Other,Unclassified,unclassified,,Manufacturing (MWD)
qualityflooring,Construction & Building,Flooring,llm_classification,medium,Retail
southwestenvirotxpartnersllc,Other,Unclassified,unclassified,,Manufacturing (MWD)
hattrickdistributioninc,Construction & Building,Doors & Windows,llm_classification,medium,Wholesale and distribution services (MWD)
kinetictoolsinc,Industrial,Tools/Hardware,llm_classification,medium,Wholesale and distribution services (MWD)
steerintrailersales,Food & Beverage,Craft Beer,llm_classification,medium,Retail
vipsupplyco,Industrial,Safety Supplies,manual_verification,medium,Retail
cggschmidt2,Industrial,Woodworking Tools,manual_verification,high,Manufacturing (MWD)
topsecretcustoms,Other,Unclassified,unclassified,,Retail
getbold,Consumer Goods,Apparel,llm_classification,medium,Manufacturing (MWD)
smokinggoose2,Food & Beverage,Artisan Meats/Charcuterie,manual_verification,high,Manufacturing (MWD)
saveonlaser,Technology,Printer Supplies/Toner,manual_verification,high,Retail
aplpg3,Other,Unclassified,unclassified,,Wholesale and distribution services (MWD)
cumsausa,Other,Unclassified,unclassified,,Manufacturing (MWD)
kearfabrication,Construction & Building,Doors & Windows,llm_classification,medium,Manufacturing (MWD)
tripdrip,Consumer Goods,Hemp/Cannabis Products,manual_verification,high,Wholesale and distribution services (MWD)
elysianlabsllc3,Healthcare & Medical,Lab Equipment,llm_classification,medium,Wholesale and distribution services (MWD)
vcssalesanddistribution,Food & Beverage,Craft Beer,llm_classification,medium,Manufacturing (MWD)
siquesttechnologysdnbhd,Technology,Software/Technology,llm_classification,medium,Wholesale and distribution services (MWD)
foodsalive,Food & Beverage,Food Distribution,llm_classification,medium,Manufacturing (MWD)
adkfragrancefarm,Consumer Goods,Home Fragrance,llm_classification,medium,Manufacturing (MWD)
iceworksbathco,Manufacturing,Cold Therapy Equipment,manual_verification,high,Manufacturing (MWD)
welshhottubs2,Other,Unclassified,unclassified,,Retail
blueridgescreenproducts,Industrial,Screen Printing Equipment,manual_verification,high,Wholesale and distribution services (MWD)
lumienlighting,Electrical,Lighting,llm_classification,medium,Wholesale and distribution services (MWD)
millibar,Food & Beverage,Spirits,llm_classification,medium,Manufacturing (MWD)
lafittesseafood,Food & Beverage,Seafood,llm_classification,medium,Wholesale and distribution services (MWD)
sterlinghardwareltd,Industrial,Tools/Hardware,llm_classification,medium,Wholesale and distribution services (MWD)
sawsolutionsinc,Other,Unclassified,unclassified,,Manufacturing (MWD)
actionlighting,Construction & Building,Doors & Windows,llm_classification,medium,Manufacturing (MWD)
fibonaccillc,Food & Beverage,Spirits,llm_classification,medium,Manufacturing (MWD)
victorcastilloincdbatortilleriatemecula,Food & Beverage,Tortilla Manufacturing,manual_verification,high,Manufacturing (MWD)
surfaceteccorp3,Other,Unclassified,unclassified,,Manufacturing (MWD)
rhinoskintoughusainc,Consumer Goods,Beauty/Personal Care,llm_classification,medium,Wholesale and distribution services (MWD)
traxandmore,Other,Unclassified,unclassified,,Retail
permarkbadges2,Consumer Goods,Promotional Products,manual_verification,high,Manufacturing (MWD)
netzerousa2,Other,Unclassified,unclassified,,Wholesale and distribution services (MWD)
unicellsupply2,Healthcare & Medical,Medical Equipment,llm_classification,medium,Wholesale and distribution services (MWD)
dolphinheatexchangerusa,Manufacturing,Radiators/Heat Exchangers,manual_verification,high,Wholesale and distribution services (MWD)
procurementequipment,Industrial,Industrial Supplies Distribution,manual_verification,high,Wholesale and distribution services (MWD)
nationalkitchensbathsandmore1,Construction & Building,Doors & Windows,llm_classification,medium,Wholesale and distribution services (MWD)
repssinc,Food & Beverage,Spirits,llm_classification,medium,Wholesale and distribution services (MWD)
mobilitycityofomaha,Other,Unclassified,unclassified,,Manufacturing (MWD)
thewristbandcompany,Construction & Building,Flooring,llm_classification,medium,Retail
sierraloghomes,Construction & Building,Log Homes,manual_verification,high,Manufacturing (MWD)
hccigarsdaytonallc2,Other,Unclassified,unclassified,,Retail
johnmarksre2,Food & Beverage,Spirits,llm_classification,medium,Manufacturing (MWD)
kingoillubricantsllc,Food & Beverage,Spirits,llm_classification,medium,Manufacturing (MWD)
theattachmentcompanyllc,Other,Unclassified,unclassified,,Retail
privatelabelsupport,Healthcare & Medical,Lab Equipment,llm_classification,medium,Wholesale and distribution services (MWD)
bignotemusic,Food & Beverage,Spirits,llm_classification,medium,Retail
kandbfloorcoveringllc,Construction & Building,Flooring,llm_classification,medium,Retail
roadrunner2,Industrial,Sanitary Supplies,manual_verification,medium,Wholesale and distribution services (MWD)
georgiastage,Food & Beverage,Spirits,llm_classification,medium,Manufacturing (MWD)
doozlandllc,Other,Unclassified,unclassified,,Wholesale and distribution services (MWD)
maxinesniderinc,Other,Unclassified,unclassified,,Manufacturing (MWD)
impulseradarusainc,Other,Unclassified,unclassified,,Manufacturing (MWD)
hsabearings,Consumer Goods,Jewelry,llm_classification,medium,Wholesale and distribution services (MWD)
durabikelocker,Security Equipment,Safes/Security,llm_classification,medium,Manufacturing (MWD)
heritagesheds,Other,Unclassified,unclassified,,Manufacturing (MWD)
colorantic,Construction & Building,Paint/Coatings,manual_verification,high,Manufacturing (MWD)
perine2,Other,Unclassified,unclassified,,Manufacturing (MWD)
cashionfishingrods2,Food & Beverage,Seafood,llm_classification,medium,Manufacturing (MWD)
prestigeislandexports,Construction & Building,Doors & Windows,llm_classification,medium,Wholesale and distribution services (MWD)
lancoacquisitionllc,Retail,E-commerce Reseller,manual_verification,medium,Manufacturing (MWD)
wholelogreclaimed3,Food & Beverage,Spirits,llm_classification,medium,Manufacturing (MWD)
ameritechfacilitysupplyllc,Construction & Building,Doors & Windows,llm_classification,medium,Wholesale and distribution services (MWD)
jpmdistributors,Other,Unclassified,unclassified,,Wholesale and distribution services (MWD)
vtechnicaltextiles,Construction & Building,Flooring,llm_classification,medium,Manufacturing (MWD)
trioniccorp2,Manufacturing,Marine/RV Products,manual_verification,high,Manufacturing (MWD)
furnitureprocorp,Furniture,Furniture,llm_classification,medium,Wholesale and distribution services (MWD)
universalpowerconversion,Food & Beverage,Spirits,llm_classification,medium,Wholesale and distribution services (MWD)
firstmedicalinternationalcorp2,Food & Beverage,Spirits,llm_classification,medium,Retail
ThePianoPlaceMichigan,Retail,Musical Instruments/Pianos,manual_verification,high,Retail
Wilco,Other,Unclassified,unclassified,,Wholesale and distribution services (MWD)
metkonusainc,Consumer Goods,Jewelry,llm_classification,medium,Wholesale and distribution services (MWD)
healthcarestoragesolutionscorporation,Healthcare & Medical,Medical Equipment,llm_classification,medium,Wholesale and distribution services (MWD)
alliedmachinerysalesllc,Food & Beverage,Craft Beer,llm_classification,medium,Wholesale and distribution services (MWD)
appliedwatertechnologies,Technology,Software/Technology,llm_classification,medium,Wholesale and distribution services (MWD)
lancevalves2,Construction & Building,Plumbing,llm_classification,medium,Manufacturing (MWD)
lowrymanufacturingcompany2,Consumer Goods,Jewelry,llm_classification,medium,Manufacturing (MWD)
huntercattlecompany2,Food & Beverage,Coffee,llm_classification,medium,Wholesale and distribution services (MWD)
snoozies,Consumer Goods,Footwear/Slippers,manual_verification,high,Retail
medicalz2,Healthcare & Medical,Medical Equipment,llm_classification,medium,Manufacturing (MWD)
pattechnology2,Technology,Software/Technology,llm_classification,medium,Wholesale and distribution services (MWD)
iconusa,Other,Unclassified,unclassified,,Retail
daiwahealthdevelopment,Healthcare & Medical,Medical Equipment,llm_classification,medium,Manufacturing (MWD)
penusa,Other,Unclassified,unclassified,,Wholesale and distribution services (MWD)
aosolutions,Other,Unclassified,unclassified,,Wholesale and distribution services (MWD)
intellbioCo3,Healthcare & Medical,Biotech/Laboratory,manual_verification,medium,Manufacturing (MWD)
bardianivalves,Construction & Building,Plumbing,llm_classification,medium,Manufacturing (MWD)
enerfusioninc,Food & Beverage,Spirits,llm_classification,medium,Manufacturing (MWD)
jobena,Consumer Goods,Jewelry,llm_classification,medium,Manufacturing (MWD)
burly,Other,Unclassified,unclassified,,Manufacturing (MWD)
perlistenaudiollc,Consumer Goods,Jewelry,llm_classification,medium,Manufacturing (MWD)
DMM21,Other,Unclassified,unclassified,,Wholesale and distribution services (MWD)
happydayflower,Retail,Florist/Flowers,manual_verification,medium,Wholesale and distribution services (MWD)
DMS2021,Other,Unclassified,unclassified,,Wholesale and distribution services (MWD)
premierCo1,Other,Unclassified,unclassified,,Wholesale and distribution services (MWD)
knexMethod,Other,Unclassified,unclassified,,Manufacturing (MWD)
coolbluedistribution,Other,Unclassified,unclassified,,Manufacturing (MWD)
ngalatrading,Electrical,Lighting,llm_classification,medium,Retail
labelsplusCo1,Healthcare & Medical,Lab Equipment,llm_classification,medium,Retail
anytimebarsuppliesllcCo1,Food & Beverage,Wine,llm_classification,medium,Wholesale and distribution services (MWD)
haygor,Other,Unclassified,unclassified,,Wholesale and distribution services (MWD)
CryturUSA,Other,Unclassified,unclassified,,Manufacturing (MWD)
stwsincCo1,Consumer Goods,Apparel,llm_classification,medium,Manufacturing (MWD)
trunniontable,Furniture,Furniture,llm_classification,medium,Wholesale and distribution services (MWD)
sonoranprocess,Other,Unclassified,unclassified,,Retail
paradigmlabs,Healthcare & Medical,Lab Equipment,llm_classification,medium,Manufacturing (MWD)
TexStar,Electrical,LED Lighting,manual_verification,high,Wholesale and distribution services (MWD)
safetnose,Security Equipment,Safes/Security,llm_classification,medium,Manufacturing (MWD)
lihua,Food & Beverage,Spirits,llm_classification,medium,Manufacturing (MWD)
bertelsonprecast,Construction & Building,Precast Concrete,manual_verification,high,Manufacturing (MWD)
techtradeglobal,Technology,Software/Technology,llm_classification,medium,Wholesale and distribution services (MWD)
europenaingredientsCo2,Other,Unclassified,unclassified,,Wholesale and distribution services (MWD)
bassbrushes,Consumer Goods,Beauty/Personal Care,manual_verification,high,Wholesale and distribution services (MWD)
highcottonCo2,Other,Unclassified,unclassified,,Manufacturing (MWD)
ipme,Other,Unclassified,unclassified,,Manufacturing (MWD)
sommselection,Food & Beverage,Wine Distribution,manual_verification,high,Wholesale and distribution services (MWD)
ancientartsfibrecrafts,Other,Unclassified,unclassified,,Wholesale and distribution services (MWD)
wplastics,Manufacturing,Plastics,llm_classification,medium,Manufacturing (MWD)
vantagemeasure,Consumer Goods,Jewelry,llm_classification,medium,Wholesale and distribution services (MWD)
FoamRubberFabricators,Healthcare & Medical,Medical Equipment,llm_classification,medium,Manufacturing (MWD)
leichtseattle1,Services,Professional Services,llm_classification,medium,Retail
exergamefitness,Sports & Recreation,Sporting Goods,llm_classification,medium,Manufacturing (MWD)
timberwolfforest,Construction & Building,Lumber,llm_classification,medium,Retail
lifetimeteallc,Services,Professional Services,llm_classification,medium,Wholesale and distribution services (MWD)
rapidindustriesqbd,Other,Unclassified,unclassified,,Manufacturing (MWD)
theblastbagCo1,Industrial,Abrasives,llm_classification,medium,Manufacturing (MWD)
akzanwholesale,Food & Beverage,Craft Beer,llm_classification,medium,Wholesale and distribution services (MWD)
bccrmed,Healthcare & Medical,Medical Equipment,llm_classification,medium,Wholesale and distribution services (MWD)
podiatrycc,Healthcare & Medical,Medical Equipment,llm_classification,medium,Retail
affinityr,Other,Unclassified,unclassified,,Wholesale and distribution services (MWD)
fxpartnersusa1,Other,Unclassified,unclassified,,Manufacturing (MWD)
AVAILForensicsCo1,Other,Unclassified,unclassified,,Manufacturing (MWD)
theheartpinecompany,Other,Unclassified,unclassified,,Manufacturing (MWD)
stagepolymers,Manufacturing,Plastics,llm_classification,medium,Wholesale and distribution services (MWD)
customturnings,Manufacturing,Wood Components,manual_verification,high,Manufacturing (MWD)
hidcorind,Other,Unclassified,unclassified,,Manufacturing (MWD)
globalpackage,Manufacturing,Packaging,llm_classification,medium,Manufacturing (MWD)
uatllc,Other,Unclassified,unclassified,,Wholesale and distribution services (MWD)
fjsproductionsllc,Services,Event Production,manual_verification,medium,Retail
racecardynamicsofarizonainc,Furniture,Furniture,llm_classification,medium,Wholesale and distribution services (MWD)
modcycles,Automotive,Powersports Parts,manual_verification,high,Wholesale and distribution services (MWD)
brechtel,Services,Professional Services,llm_classification,medium,Manufacturing (MWD)
vmgindustries,Food & Beverage,Spirits,llm_classification,medium,Manufacturing (MWD)
aw,Construction & Building,Flooring,llm_classification,medium,Manufacturing (MWD)
idsheat,Other,Unclassified,unclassified,,Wholesale and distribution services (MWD)
bham,Food & Beverage,Craft Beer,llm_classification,medium,Retail
msf,Other,Unclassified,unclassified,,Wholesale and distribution services (MWD)
weightechusa,Technology,Software/Technology,llm_classification,medium,Wholesale and distribution services (MWD)
microdairydesigns,Construction & Building,HVAC,llm_classification,medium,Manufacturing (MWD)
americanstonecraft,Food & Beverage,Craft Beer,llm_classification,medium,Manufacturing (MWD)
