Account Name,MRR_Calculated,SAAS Amount to Date,Quadrant,Industry_Cluster_Enhanced_V2,Company_Size_V2
castlebar3,63.75,63.75,Rising Stars,General Wholesale/Distribution,Unknown
mobilitycityoflubbocktx,78.4,40.0,Rising Stars,Medical Equipment & Supplies,Unknown
protronixcontrols3,5.833333333333333,63.0,Base Customers,General Wholesale/Distribution,Small (6-20 employees)
earthworksnaturalorganics,147.0,147.0,Rising Stars,General Wholesale/Distribution,Micro (1-5 employees)
masterchefpr2,221.25,221.25,Rising Stars,General Wholesale/Distribution,Small (6-20 employees)
oakridgefoamandcoatingsystemsinc,63.75,63.75,Rising Stars,General Wholesale/Distribution,Small (6-20 employees)
gonzalezcarpetsuppliesllc,44.25,44.25,Base Customers,General Retail,Medium (21-50 employees)
magicbreezekombucha,97.5,97.5,Rising Stars,Food & Beverage Dist/Mfg,Small (6-20 employees)
terraboundsolutions,132.75,132.75,Rising Stars,General Retail,Micro (1-5 employees)
expresscrossdockingllc,54.75,54.75,Base Customers,General Wholesale/Distribution,Micro (1-5 employees)
stockman,40.0,40.0,Base Customers,General/Specialty Manufacturing,Small (6-20 employees)
synova,99.0,99.0,Rising Stars,General Wholesale/Distribution,Micro (1-5 employees)
manexusa5,228.0,544.0,Rising Stars,General/Specialty Manufacturing,Medium (21-50 employees)
jollygl,14.166666666666666,151.4,Base Customers,General Wholesale/Distribution,Unknown
rivergatedoorsupply,164.25,190.5,Rising Stars,General Wholesale/Distribution,Micro (1-5 employees)
marlinzpharma2,106.5,106.5,Rising Stars,General Wholesale/Distribution,Small (6-20 employees)
dragonpowerpromo,63.75,63.75,Rising Stars,General Wholesale/Distribution,Unknown
bluewatercas2,164.25,328.5,Rising Stars,"Chemicals, Plastics & Rubber",Small (6-20 employees)
cotektheamericas,156.0,156.0,Rising Stars,General Wholesale/Distribution,Small (6-20 employees)
octopusgdn,70.5,44.25,Rising Stars,Food & Beverage Dist/Mfg,Micro (1-5 employees)
ssisanitary,127.5,452.5,Rising Stars,General Wholesale/Distribution,Unknown
novalighting,13.083333333333334,53.1,Base Customers,General Wholesale/Distribution,Large (51-200 employees)
allmakeappliances,259.5,574.0,Rising Stars,General Retail,Unknown
honestwaterfilter,351.0,72.75,Rising Stars,General Wholesale/Distribution,Unknown
advancedmarinefabricationllc2,44.25,44.25,Base Customers,Apparel & Textiles,Small (6-20 employees)
wcsoilworks,191.25,191.25,Rising Stars,General/Specialty Manufacturing,Micro (1-5 employees)
hyfloequipmentcompany3,177.0,177.0,Rising Stars,General/Specialty Manufacturing,Small (6-20 employees)
lubelska,156.75,156.75,Rising Stars,General Retail,Micro (1-5 employees)
metspeedlabel,7.083333333333333,75.7,Base Customers,General/Specialty Manufacturing,Small (6-20 employees)
fetterenterprisesincdbadebrovys,63.75,127.5,Rising Stars,General Wholesale/Distribution,Unknown
stickersandmore4,37.25,1320.5,Base Customers,General/Specialty Manufacturing,Unknown
cmtenvironmetnalcontrols,44.25,88.5,Base Customers,General Wholesale/Distribution,Unknown
aragososouthllc,36.75,73.5,Base Customers,General Wholesale/Distribution,Micro (1-5 employees)
battlerattle,350.25,704.25,Rising Stars,General Wholesale/Distribution,Small (6-20 employees)
risecannabis,53.25,106.5,Base Customers,General Retail,Micro (1-5 employees)
revivalhome,14.75,318.6,Base Customers,General Retail,Micro (1-5 employees)
terrastonellc2,54.75,118.5,Base Customers,Building Materials & Construction,Unknown
sigscompany,88.5,177.0,Rising Stars,General Wholesale/Distribution,Unknown
ipibybison,36.75,73.5,Base Customers,General/Specialty Manufacturing,Unknown
americansafetyandfirehouse,127.5,255.0,Rising Stars,General Wholesale/Distribution,Small (6-20 employees)
missionlaundryequipment3,12.25,264.0,Base Customers,General Wholesale/Distribution,Small (6-20 employees)
cassinala2,183.0,305.0,Rising Stars,General Retail,Unknown
jdcsupply,40.0,80.0,Base Customers,General Wholesale/Distribution,Small (6-20 employees)
evenmix,61.0,122.0,Base Customers,General/Specialty Manufacturing,Small (6-20 employees)
faxexpress4,214.0,392.0,Rising Stars,Office Supplies & Equipment,Unknown
echolifellc,73.0,146.0,Rising Stars,General Retail,Unknown
brazukacorp,40.0,160.0,Base Customers,General Wholesale/Distribution,Micro (1-5 employees)
peakperformancecampers,37.0,74.0,Base Customers,General/Specialty Manufacturing,Unknown
airtecusa,61.0,134.0,Base Customers,General Wholesale/Distribution,Micro (1-5 employees)
bcfluidpowerofflorence2,8.166666666666666,176.0,Base Customers,General Wholesale/Distribution,Micro (1-5 employees)
donamireyainc,98.0,196.0,Rising Stars,Food & Beverage Dist/Mfg,Unknown
araocigars,10.0,469.0,Base Customers,General Wholesale/Distribution,Unknown
bestquiltsewknitproductsltd,11.25,202.5,Base Customers,General Wholesale/Distribution,Small (6-20 employees)
industrimax2,154.0,308.0,Rising Stars,General Wholesale/Distribution,Unknown
formersinternational5,30.5,1947.0,Base Customers,General/Specialty Manufacturing,Large (51-200 employees)
deansbeansorganiccoffee4,184.0,528.0,Rising Stars,General Wholesale/Distribution,Small (6-20 employees)
concealite,129.0,359.0,Rising Stars,General/Specialty Manufacturing,Small (6-20 employees)
palmchemical,122.0,244.0,Rising Stars,"Chemicals, Plastics & Rubber",Unknown
gsinks,195.0,585.0,Rising Stars,Packaging & Printing,Unknown
trueworldfoodsseattlellc,7.416666666666667,240.0,Base Customers,Food & Beverage Dist/Mfg,Unknown
coffeeman,98.0,294.0,Rising Stars,General Wholesale/Distribution,Small (6-20 employees)
armacorpinc,13.333333333333334,432.0,Base Customers,General Wholesale/Distribution,Micro (1-5 employees)
floorsandtilesinc2,7.0,189.0,Base Customers,General Wholesale/Distribution,Medium (21-50 employees)
gsi2,73.0,146.0,Rising Stars,General/Specialty Manufacturing,Unknown
norwooddeviceanddiagnostics,342.0,684.0,Rising Stars,General Retail,Small (6-20 employees)
twentyoneagain,6.083333333333333,192.0,Base Customers,General/Specialty Manufacturing,Unknown
independenteyewearcollective,6.083333333333333,192.0,Base Customers,General Wholesale/Distribution,Unknown
turnkeylogisticsdbamegamaterials,40.0,120.0,Base Customers,Building Materials & Construction,Unknown
g3packaging2,14.583333333333334,396.0,Base Customers,General/Specialty Manufacturing,Unknown
dbuoy,22.416666666666668,632.0,Base Customers,General Wholesale/Distribution,Medium (21-50 employees)
powerplastics3,18.333333333333332,544.0,Base Customers,General/Specialty Manufacturing,Medium (21-50 employees)
jaecoortho,61.0,183.0,Base Customers,General/Specialty Manufacturing,Small (6-20 employees)
burnewiin2,16.333333333333332,484.0,Base Customers,General/Specialty Manufacturing,Small (6-20 employees)
lonestarlinerless,12.166666666666666,384.0,Base Customers,Packaging & Printing,Unknown
collinbox4,150.0,438.0,Rising Stars,General Wholesale/Distribution,Small (6-20 employees)
stonesystemsllc,98.0,294.0,Rising Stars,General Wholesale/Distribution,Small (6-20 employees)
gorillahammers4,26.5,828.0,Base Customers,General Wholesale/Distribution,Small (6-20 employees)
lumerasolarinc,86.0,227.0,Rising Stars,General/Specialty Manufacturing,Small (6-20 employees)
thunderbirdjewelryinc3,49.0,147.0,Base Customers,General/Specialty Manufacturing,Small (6-20 employees)
thermalbridgingsolutions,9.166666666666666,264.0,Base Customers,General Wholesale/Distribution,Micro (1-5 employees)
moderncompressorsales,17.666666666666668,570.0,Base Customers,General/Specialty Manufacturing,Unknown
absoluteworkwear,28.0,84.0,Base Customers,General/Specialty Manufacturing,Micro (1-5 employees)
acentel,1078.0,4338.0,Core Champions,General Wholesale/Distribution,Medium (21-50 employees)
shopsosafe,6.083333333333333,192.0,Base Customers,Safety & Security Equipment,Unknown
thageel,197.0,554.0,Rising Stars,Sporting Goods & Fitness Equipment,Unknown
cvhinternational,61.0,183.0,Base Customers,General/Specialty Manufacturing,Enterprise (200+ employees)
blissgourmet,49.0,147.0,Base Customers,Food & Beverage Dist/Mfg,Unknown
nxtchlng,11.166666666666666,344.0,Base Customers,Furniture & Home Furnishings,Small (6-20 employees)
radsuramerica,30.083333333333332,1787.25,Base Customers,General Wholesale/Distribution,Micro (1-5 employees)
dylanblakecustoms,61.0,183.0,Base Customers,Apparel & Textiles,Unknown
gothamlgt,77.25,4081.0,Rising Stars,General Wholesale/Distribution,Small (6-20 employees)
hendersonenterprises,10.166666666666666,324.0,Base Customers,General Wholesale/Distribution,Small (6-20 employees)
appenninofoodusa,367.0,1101.0,Rising Stars,General Wholesale/Distribution,Micro (1-5 employees)
sierracontainergroup,40.833333333333336,1102.5,Base Customers,General/Specialty Manufacturing,Small (6-20 employees)
cuveecoffee,61.0,366.0,Base Customers,General Wholesale/Distribution,Medium (21-50 employees)
fibercablesdirect,18.083333333333332,579.0,Base Customers,General/Specialty Manufacturing,Micro (1-5 employees)
koolwaysports,5.083333333333333,206.0,Base Customers,General/Specialty Manufacturing,Micro (1-5 employees)
agribestfeeds2,27.416666666666668,791.25,Base Customers,General Wholesale/Distribution,Medium (21-50 employees)
icustomlabel,110.0,440.0,Rising Stars,General Wholesale/Distribution,Medium (21-50 employees)
audioconcepts,148.0,592.0,Rising Stars,General Retail,Small (6-20 employees)
dylanwilliamscpa,349.0,1194.0,Rising Stars,General/Specialty Manufacturing,Enterprise (200+ employees)
blackstonesportsinc2,24.416666666666668,879.0,Base Customers,General/Specialty Manufacturing,Small (6-20 employees)
pssmanufacturing,154.0,301.0,Rising Stars,General/Specialty Manufacturing,Medium (21-50 employees)
ruedawineco,257.0,1041.0,Rising Stars,General Retail,Small (6-20 employees)
industrialodorcontrol2,10.166666666666666,432.0,Base Customers,General/Specialty Manufacturing,Micro (1-5 employees)
wmuniformgroup,61.0,244.0,Base Customers,General Wholesale/Distribution,Small (6-20 employees)
commonwealthindustrialinc,15.25,564.0,Base Customers,General/Specialty Manufacturing,Small (6-20 employees)
hefestustech2,16.333333333333332,396.0,Base Customers,General Wholesale/Distribution,Small (6-20 employees)
woodlabuae,6.666666666666667,240.0,Base Customers,General/Specialty Manufacturing,Unknown
tearoffproducts2,146.0,584.0,Rising Stars,General/Specialty Manufacturing,Micro (1-5 employees)
hrroofingsupply,61.0,183.0,Base Customers,General Wholesale/Distribution,Small (6-20 employees)
geotoolsusa,11.166666666666666,366.0,Base Customers,General/Specialty Manufacturing,Small (6-20 employees)
socalfencesupply2,196.0,1098.0,Rising Stars,General Wholesale/Distribution,Small (6-20 employees)
diamondbladedistributorsllc,36.75,1323.0,Base Customers,General Wholesale/Distribution,Medium (21-50 employees)
op76cattle,360.0,2740.0,Rising Stars,General Wholesale/Distribution,Small (6-20 employees)
planesights,49.0,171.5,Base Customers,General/Specialty Manufacturing,Micro (1-5 employees)
questonedistributors,111.0,407.0,Rising Stars,General Wholesale/Distribution,Small (6-20 employees)
namesakebrewing,8.416666666666666,303.0,Base Customers,General/Specialty Manufacturing,Unknown
stevenenterprises2,762.0,3372.5,Rising Stars,General Retail,Small (6-20 employees)
smakdab,77.0,308.0,Rising Stars,General/Specialty Manufacturing,Unknown
bedsbydesign3,122.0,488.0,Rising Stars,General Retail,Enterprise (200+ employees)
georgiapowdercoating3,640.0,3120.0,Rising Stars,"Chemicals, Plastics & Rubber",Large (51-200 employees)
accesscasters3,185.0,629.0,Rising Stars,General Wholesale/Distribution,Medium (21-50 employees)
davishoseinc,209.0,1045.0,Rising Stars,General Wholesale/Distribution,Small (6-20 employees)
proautodealersupplyinc,2.3333333333333335,125.0,Base Customers,General Wholesale/Distribution,Micro (1-5 employees)
rjdrews3,73.0,365.0,Rising Stars,General Wholesale/Distribution,Small (6-20 employees)
capitalabrasivesllc,12.25,551.25,Base Customers,General Wholesale/Distribution,Micro (1-5 employees)
harbertcastingrepair,8.166666666666666,1992.5,Base Customers,General Retail,Medium (21-50 employees)
gulfharvest2,6.666666666666667,355.0,Base Customers,General Wholesale/Distribution,Medium (21-50 employees)
categorycreations,378.0,2968.0,Rising Stars,General Wholesale/Distribution,Medium (21-50 employees)
boninfantefriction2,61.0,293.0,Base Customers,General/Specialty Manufacturing,Unknown
ezbrandsllc,273.0,861.0,Rising Stars,General Wholesale/Distribution,Small (6-20 employees)
armal,36.583333333333336,1646.25,Base Customers,"Chemicals, Plastics & Rubber",Small (6-20 employees)
heavisideindustriesinc,49.0,2094.75,Base Customers,General/Specialty Manufacturing,Micro (1-5 employees)
steelecomponents,4.083333333333333,220.0,Base Customers,General Wholesale/Distribution,Micro (1-5 employees)
sitepieces2,16.583333333333332,2293.25,Base Customers,General Wholesale/Distribution,Micro (1-5 employees)
worksafetyllc,10.166666666666666,457.5,Base Customers,Building Materials & Construction,Micro (1-5 employees)
thebuyingnetwork2,2.3333333333333335,125.0,Base Customers,General Wholesale/Distribution,Small (6-20 employees)
worryfreefood,49.0,245.0,Base Customers,General/Specialty Manufacturing,Unknown
emlinc,166.0,830.0,Rising Stars,General Wholesale/Distribution,Micro (1-5 employees)
harborcitysupply,40.0,200.0,Base Customers,General Retail,Small (6-20 employees)
tekkometals,10.166666666666666,540.0,Base Customers,Building Materials & Construction,Unknown
alltrussinc,4.083333333333333,220.0,Base Customers,General/Specialty Manufacturing,Enterprise (200+ employees)
cefiro4,49.0,245.0,Base Customers,General Wholesale/Distribution,Micro (1-5 employees)
aquaticnutritioninc,245.0,1225.0,Rising Stars,General Retail,Medium (21-50 employees)
jellchemicals,40.0,240.0,Base Customers,General Wholesale/Distribution,Unknown
catsfilters,354.0,1843.0,Rising Stars,General Wholesale/Distribution,Small (6-20 employees)
stamfordtimeandco,49.0,294.0,Base Customers,General Retail,Unknown
pneusquebecnet,86.0,516.0,Rising Stars,General Wholesale/Distribution,Unknown
ssifiresolutions,86.0,1919.0,Rising Stars,Safety & Security Equipment,Unknown
artcofabricsnorthamericainc2,61.0,366.0,Base Customers,General Wholesale/Distribution,Micro (1-5 employees)
mycologicalnaturalproducts,73.0,426.0,Rising Stars,General Wholesale/Distribution,Small (6-20 employees)
lumasam,183.0,915.0,Rising Stars,General/Specialty Manufacturing,Unknown
silverlinejudaica,4.333333333333333,260.0,Base Customers,General Retail,Unknown
bandtcommunicationsinc3,183.0,1046.0,Rising Stars,General Retail,Micro (1-5 employees)
digpig,353.0,2118.0,Rising Stars,General/Specialty Manufacturing,Unknown
larryssausage,26.416666666666668,1152.75,Base Customers,General/Specialty Manufacturing,Medium (21-50 employees)
triteksystemsinc,80.0,480.0,Rising Stars,General/Specialty Manufacturing,Micro (1-5 employees)
americansupplycompanyinc,120.0,640.0,Rising Stars,General Retail,Small (6-20 employees)
prosourcegroup,18.25,985.5,Base Customers,General Wholesale/Distribution,Micro (1-5 employees)
gowesttshirtcompany,61.0,366.0,Base Customers,General/Specialty Manufacturing,Medium (21-50 employees)
eneconcorporation,833.0,4214.0,Rising Stars,General/Specialty Manufacturing,Unknown
big,219.0,1354.0,Rising Stars,Furniture & Home Furnishings,Unknown
helenarosejewelry,8.416666666666666,468.0,Base Customers,Building Materials & Construction,Micro (1-5 employees)
readyvista,89.0,489.0,Rising Stars,General Wholesale/Distribution,Unknown
plasmaprocessgroup4,18.25,985.5,Base Customers,General/Specialty Manufacturing,Small (6-20 employees)
trifunoretailsolutionsinc,98.0,588.0,Rising Stars,General Wholesale/Distribution,Unknown
uselitegear,61.0,366.0,Base Customers,General Retail,Micro (1-5 employees)
statestreetproductsllc,4.083333333333333,264.0,Base Customers,General Retail,Micro (1-5 employees)
legacysipsllc,68.0,332.0,Rising Stars,Food & Beverage Dist/Mfg,Unknown
dtsdirect,38.916666666666664,4296.75,At Risk,Building Materials & Construction,Medium (21-50 employees)
candhaggregatesllc,21.416666666666668,1165.5,Base Customers,General Wholesale/Distribution,Medium (21-50 employees)
africanchoicemarketltd,80.0,560.0,Rising Stars,General Retail,Micro (1-5 employees)
ultimax,113.0,687.0,Rising Stars,Packaging & Printing,Medium (21-50 employees)
emeryallen2,12.25,771.75,Base Customers,General/Specialty Manufacturing,Small (6-20 employees)
rakit3,37.0,538.0,Base Customers,Building Materials & Construction,Small (6-20 employees)
brandxmetalsinc2,73.0,2713.0,Rising Stars,General Wholesale/Distribution,Small (6-20 employees)
suitepieces,122.0,854.0,Rising Stars,General Retail,Medium (21-50 employees)
c4effects,11.166666666666666,796.0,Base Customers,General Retail,Small (6-20 employees)
flplumbing,73.0,511.0,Rising Stars,General Retail,Micro (1-5 employees)
sacredstudiosinc,44.416666666666664,3917.5,Base Customers,General Retail,Unknown
tangiblecreative2,159.0,574.0,Rising Stars,General/Specialty Manufacturing,Small (6-20 employees)
bioskinaestheticsinc,85.83333333333333,5674.5,Core Champions,General Retail,Micro (1-5 employees)
crimsonimaging,221.0,1680.0,Rising Stars,Office Supplies & Equipment,Unknown
sheffieldsupplyandequipmentoftexasllc,12.25,918.75,Base Customers,General Retail,Unknown
sheffieldsupplyandequipment,8.166666666666666,698.25,Base Customers,General Retail,Micro (1-5 employees)
dpalex,17.333333333333332,1105.5,Base Customers,General Wholesale/Distribution,Unknown
solshinehair,196.0,1274.0,Rising Stars,General Retail,Micro (1-5 employees)
thecelticgroup,256.0,1792.0,Rising Stars,General Wholesale/Distribution,Micro (1-5 employees)
icandyenergydrink,298.0,2745.0,Rising Stars,Food & Beverage Dist/Mfg,Unknown
customindustrial2,61.0,669.0,Base Customers,Industrial Equipment & Machinery,Micro (1-5 employees)
upstateanodizellc,24.333333333333332,1664.0,Base Customers,General/Specialty Manufacturing,Small (6-20 employees)
inversionesroda,129.0,851.0,Rising Stars,General Wholesale/Distribution,Small (6-20 employees)
fosterus,196.0,1764.0,Rising Stars,General Wholesale/Distribution,Unknown
jjsprotap,49.0,343.0,Base Customers,General Wholesale/Distribution,Small (6-20 employees)
prompterpeople2,108.0,864.0,Rising Stars,General Retail,Small (6-20 employees)
rscinc2,3.3333333333333335,240.0,Base Customers,General Wholesale/Distribution,Small (6-20 employees)
cdalighting,61.0,793.0,Base Customers,General Retail,Small (6-20 employees)
drinkade,202.0,1416.0,Rising Stars,Food & Beverage Dist/Mfg,Unknown
webcoteindustries2,162.0,1604.0,Rising Stars,General/Specialty Manufacturing,Unknown
internationalstairproductsinc,79.0,578.0,Rising Stars,General Retail,Micro (1-5 employees)
topoffice,386.0,2784.0,Rising Stars,Safety & Security Equipment,Unknown
perryco,73.0,3526.0,Rising Stars,General/Specialty Manufacturing,Micro (1-5 employees)
uniquewoodfloor,306.0,1254.5,Rising Stars,General Retail,Medium (21-50 employees)
grazianobrothers,16.25,914.0,Base Customers,General Wholesale/Distribution,Large (51-200 employees)
thomashayesstudio3,15.666666666666666,1476.0,Base Customers,General/Specialty Manufacturing,Large (51-200 employees)
amtonllcbabyclubchic,10.0,693.0,Base Customers,General Wholesale/Distribution,Unknown
precisiondoors3,14.75,1084.0,Base Customers,General/Specialty Manufacturing,Small (6-20 employees)
integratedmedical,101.0,1279.0,Rising Stars,General Wholesale/Distribution,Micro (1-5 employees)
kodiakbreakersandsuppliesinc,3.3333333333333335,288.0,Base Customers,General Retail,Small (6-20 employees)
todaytomorrowapparel,61.0,488.0,Base Customers,General Wholesale/Distribution,Micro (1-5 employees)
bl2systemsllc,122.0,976.0,Rising Stars,General/Specialty Manufacturing,Unknown
midwestbuildingsupply,147.0,1176.0,Rising Stars,General Retail,Micro (1-5 employees)
artbrandsholdings,329.0,632.0,Rising Stars,General/Specialty Manufacturing,Unknown
abhasafinancialservices2,61.0,488.0,Base Customers,General Wholesale/Distribution,Micro (1-5 employees)
strongwellness,4.083333333333333,308.0,Base Customers,General Wholesale/Distribution,Micro (1-5 employees)
ocutech,156.0,864.0,Rising Stars,General/Specialty Manufacturing,Small (6-20 employees)
metaltechinc2,6.083333333333333,512.0,Base Customers,General/Specialty Manufacturing,Small (6-20 employees)
howardcountymd,78.4,499.2,Rising Stars,General Retail,Unknown
donecdistributors,16.333333333333332,1176.0,Base Customers,General Wholesale/Distribution,Micro (1-5 employees)
miminternationalinc,160.0,1219.0,Rising Stars,General Wholesale/Distribution,Micro (1-5 employees)
ghentindustrialsupplyinc,171.0,1349.0,Rising Stars,General Wholesale/Distribution,Small (6-20 employees)
byisbeveragellc2,89.0,712.0,Rising Stars,General Wholesale/Distribution,Unknown
pspglobalwines2,466.0,6607.0,Core Champions,General Wholesale/Distribution,Small (6-20 employees)
medallionfence,248.0,1864.0,Rising Stars,General/Specialty Manufacturing,Small (6-20 employees)
nearymartin,30.5,2470.5,Base Customers,General Wholesale/Distribution,Small (6-20 employees)
rawlovesunscreen,8.416666666666666,501.75,Base Customers,General Retail,Unknown
reaganwirelesscorp,245.0,1800.75,Rising Stars,General Wholesale/Distribution,Medium (21-50 employees)
kabsolution2,49.0,521.0,Base Customers,General/Specialty Manufacturing,Small (6-20 employees)
rockymountainstickerco,52.0,468.0,Base Customers,General Wholesale/Distribution,Micro (1-5 employees)
memiairellc,11.166666666666666,3179.5,Base Customers,General Wholesale/Distribution,Micro (1-5 employees)
durawattle,18.25,1728.0,Base Customers,General/Specialty Manufacturing,Micro (1-5 employees)
awcomm2,290.0,3121.0,Rising Stars,General Retail,Small (6-20 employees)
amarenusa,120.0,920.0,Rising Stars,General Wholesale/Distribution,Micro (1-5 employees)
superiorcleaningequipmentinc,28.0,2947.0,Base Customers,General Retail,Small (6-20 employees)
assembledproductspecialists,14.25,1118.25,Base Customers,General Wholesale/Distribution,Micro (1-5 employees)
artisanclassicorganinc,11.083333333333334,897.75,Base Customers,General/Specialty Manufacturing,Small (6-20 employees)
classicexhaustsystemsllc,8.166666666666666,661.5,Base Customers,General/Specialty Manufacturing,Small (6-20 employees)
mokanfastenerandsupply,195.0,1329.0,Rising Stars,General Wholesale/Distribution,Small (6-20 employees)
picturethisframinginc,147.0,1323.0,Rising Stars,General/Specialty Manufacturing,Medium (21-50 employees)
freemansreachgreenhouses,28.0,252.0,Base Customers,General Wholesale/Distribution,Medium (21-50 employees)
badgerham,150.0,1350.0,Rising Stars,General/Specialty Manufacturing,Small (6-20 employees)
militarypilotsupplyoftexasllc,50.0,5427.5,At Risk,General/Specialty Manufacturing,Small (6-20 employees)
australiannaturalsoap,52.0,3381.0,Base Customers,General Wholesale/Distribution,Unknown
easternwireproducts,184.0,1635.0,Rising Stars,General/Specialty Manufacturing,Micro (1-5 employees)
coloradoheartrescue,10.416666666666666,843.75,Base Customers,General Retail,Micro (1-5 employees)
lightingxcorp,40.0,520.0,Base Customers,General Wholesale/Distribution,Unknown
revivehealthcaregroup,305.0,5673.0,Core Champions,General Wholesale/Distribution,Micro (1-5 employees)
horticulturalalliancellc,20.416666666666668,1888.0,Base Customers,General Wholesale/Distribution,Small (6-20 employees)
miabsgpteltd,122.0,1379.5,Rising Stars,General Wholesale/Distribution,Unknown
thecarekioskptyltd,40.0,380.0,Base Customers,General Wholesale/Distribution,Micro (1-5 employees)
dosesteel2,220.0,4255.0,Core Champions,General/Specialty Manufacturing,Small (6-20 employees)
labedahockeygear,6.083333333333333,511.0,Base Customers,Sporting Goods & Fitness Equipment,Unknown
lot49llcdbabox7imports,159.0,1383.0,Rising Stars,General Wholesale/Distribution,Micro (1-5 employees)
clandestinelabz,574.0,6082.0,Core Champions,General Wholesale/Distribution,Micro (1-5 employees)
nationcor,183.0,4530.0,Core Champions,General/Specialty Manufacturing,Unknown
cyclallc,38.083333333333336,6467.5,At Risk,General Wholesale/Distribution,Small (6-20 employees)
pcparlor,14.333333333333334,3565.0,Base Customers,General/Specialty Manufacturing,Medium (21-50 employees)
lloydwatersandassociates,10.166666666666666,1080.0,Base Customers,General Wholesale/Distribution,Small (6-20 employees)
maaribu,49.0,490.0,Base Customers,General Wholesale/Distribution,Micro (1-5 employees)
boninfantefrictioninc,20.416666666666668,4578.75,At Risk,General/Specialty Manufacturing,Large (51-200 employees)
electricalgeneratorsandpumpservicesltd,5.083333333333333,486.0,Base Customers,General/Specialty Manufacturing,Micro (1-5 employees)
fullcitysupply3,144.0,1335.0,Rising Stars,General Wholesale/Distribution,Micro (1-5 employees)
outriggerpads,89.0,890.0,Rising Stars,General/Specialty Manufacturing,Large (51-200 employees)
greenandchapmanjv,12.25,3702.5,Base Customers,General Wholesale/Distribution,Small (6-20 employees)
sigtinc,37.0,370.0,Base Customers,General/Specialty Manufacturing,Small (6-20 employees)
premiumpb2,14.25,972.0,Base Customers,General/Specialty Manufacturing,Medium (21-50 employees)
surecaninc,98.0,932.0,Rising Stars,General/Specialty Manufacturing,Medium (21-50 employees)
insightsurgical,12.166666666666666,871.25,Base Customers,General Wholesale/Distribution,Unknown
boschfamilybrewingcompanyllc,19.916666666666668,1552.5,Base Customers,General Retail,Small (6-20 employees)
mhqnewmexico,110.25,10381.0,Core Champions,General/Specialty Manufacturing,Small (6-20 employees)
sabradental,122.0,2290.0,Rising Stars,Medical Equipment & Supplies,Micro (1-5 employees)
sportexsales,12.25,1254.0,Base Customers,General Wholesale/Distribution,Small (6-20 employees)
coffeebeancorral2,32.75,2908.5,Base Customers,General Retail,Small (6-20 employees)
woodforminteriorsltd,232.0,2736.0,Rising Stars,General/Specialty Manufacturing,Small (6-20 employees)
nupointsystems2,13.5,1161.0,Base Customers,General/Specialty Manufacturing,Micro (1-5 employees)
interstategraphics,492.0,7845.0,Core Champions,General/Specialty Manufacturing,Unknown
holeintheroof2,211.0,4610.0,Core Champions,General Wholesale/Distribution,Large (51-200 employees)
chairstuff3,25.75,2476.0,Base Customers,General Retail,Micro (1-5 employees)
acsdistributionllc,98.0,980.0,Rising Stars,General Wholesale/Distribution,Unknown
rainbowconcreteindustrieslimited,405.0,4101.0,Rising Stars,General/Specialty Manufacturing,Large (51-200 employees)
automatedatticstair,10.166666666666666,1232.0,Base Customers,General Retail,Unknown
red88eyewearinc,4.083333333333333,440.0,Base Customers,General Wholesale/Distribution,Micro (1-5 employees)
doubleldistributors,49.0,490.0,Base Customers,General/Specialty Manufacturing,Micro (1-5 employees)
hddsupply,171.0,1710.0,Rising Stars,General Retail,Micro (1-5 employees)
poochiepets2,80.0,1216.0,Rising Stars,General Wholesale/Distribution,Micro (1-5 employees)
magicgreensinc,3.3333333333333335,385.0,Base Customers,Agriculture & Greenhouse/Nursery,Large (51-200 employees)
epccigar,28.583333333333332,6404.75,At Risk,General Wholesale/Distribution,Unknown
greenmoab,28.583333333333332,6404.75,At Risk,General/Specialty Manufacturing,Small (6-20 employees)
osupplies,16.333333333333332,1617.0,Base Customers,General Wholesale/Distribution,Small (6-20 employees)
jmbeverage,40.0,440.0,Base Customers,Food & Beverage Dist/Mfg,Unknown
southernaggregates2,172.0,1480.0,Rising Stars,General Wholesale/Distribution,Unknown
sobremesamanagement2,597.0,9268.0,Core Champions,General Wholesale/Distribution,Small (6-20 employees)
norenthermal,29.75,6168.0,At Risk,General/Specialty Manufacturing,Medium (21-50 employees)
codipsausa,147.0,1617.0,Rising Stars,General Wholesale/Distribution,Unknown
rillfoods5,4.083333333333333,484.0,Base Customers,General Wholesale/Distribution,Small (6-20 employees)
allenproducts,3.3333333333333335,396.0,Base Customers,General Wholesale/Distribution,Unknown
gtsimulators,732.0,8882.0,Core Champions,General Retail,Small (6-20 employees)
gsova,7.416666666666667,671.25,Base Customers,General Wholesale/Distribution,Small (6-20 employees)
decoblades,3.3333333333333335,396.0,Base Customers,General/Specialty Manufacturing,Micro (1-5 employees)
elevatedmetalscorp2,8.166666666666666,836.0,Base Customers,Metal Fabrication & Steel,Micro (1-5 employees)
dubgifcollc,4.333333333333333,572.0,Base Customers,General Wholesale/Distribution,Micro (1-5 employees)
toolrange2,20.416666666666668,2420.0,Base Customers,General Retail,Small (6-20 employees)
elixirwinegroup2,80.0,880.0,Rising Stars,General Wholesale/Distribution,Micro (1-5 employees)
smcclainstonecoinc,169.0,2028.0,Rising Stars,General Wholesale/Distribution,Large (51-200 employees)
cooksmart2,626.0,9217.0,Core Champions,Food & Beverage Dist/Mfg,Small (6-20 employees)
breittechnologiesllc,12.25,1804.0,Base Customers,General Wholesale/Distribution,Small (6-20 employees)
supremeice,26.416666666666668,2615.25,Base Customers,General/Specialty Manufacturing,Micro (1-5 employees)
waterlandscapesupply,49.0,588.0,Base Customers,General Wholesale/Distribution,Micro (1-5 employees)
rayhil2,211.0,2237.0,Rising Stars,General/Specialty Manufacturing,Small (6-20 employees)
progressivewestman3,732.0,9459.0,Core Champions,General Wholesale/Distribution,Large (51-200 employees)
flipoffice4,468.0,6649.0,Core Champions,General Retail,Small (6-20 employees)
chempenn,202.0,2222.0,Rising Stars,General Wholesale/Distribution,Small (6-20 employees)
wallbedsnmore,147.0,2205.0,Rising Stars,General Retail,Micro (1-5 employees)
mitralsolution,2.3333333333333335,300.0,Base Customers,General/Specialty Manufacturing,Unknown
flagguard,2.3333333333333335,300.0,Base Customers,Sporting Goods & Fitness Equipment,Micro (1-5 employees)
kennebeccabinetry,31.833333333333332,6911.4,At Risk,General/Specialty Manufacturing,Medium (21-50 employees)
vacairindustries,12.166666666666666,1314.0,Base Customers,General/Specialty Manufacturing,Unknown
adaptersplusinc2,49.0,600.0,Base Customers,General/Specialty Manufacturing,Micro (1-5 employees)
experthosiery,8.416666666666666,909.0,Base Customers,General Wholesale/Distribution,Large (51-200 employees)
golfinvite2,84.0,1008.0,Rising Stars,General Wholesale/Distribution,Small (6-20 employees)
vintedgewinery,16.666666666666668,1710.0,Base Customers,General Wholesale/Distribution,Medium (21-50 employees)
southgateprocessequipmentinc,22.416666666666668,4150.5,Base Customers,General Wholesale/Distribution,Small (6-20 employees)
rainwatermanagmentsolutions,48.083333333333336,8139.8,At Risk,General/Specialty Manufacturing,Small (6-20 employees)
pneumaticplus,281.0,3323.0,Rising Stars,General Wholesale/Distribution,Small (6-20 employees)
fullcirclesolutionsllc,122.0,1392.0,Rising Stars,General Wholesale/Distribution,Small (6-20 employees)
chefschoicelv,5.333333333333333,1059.0,Base Customers,General Wholesale/Distribution,Small (6-20 employees)
carolinalightinggroup,104.0,1248.0,Rising Stars,Electrical & Lighting Equipment,Unknown
deccanfoods4,183.0,6338.0,Core Champions,General Wholesale/Distribution,Unknown
herzogveneers2,219.0,7072.0,Core Champions,General Wholesale/Distribution,Unknown
mobilitycityoflasvegas2,40.0,955.2,Base Customers,Medical Equipment & Supplies,Unknown
fivehundredandfiftyfivedistribution,101.0,6084.0,Core Champions,General Wholesale/Distribution,Micro (1-5 employees)
theatticdepot2,13.5,1633.5,Base Customers,General Wholesale/Distribution,Medium (21-50 employees)
betterbuychairsinc,150.0,1898.0,Rising Stars,Furniture & Home Furnishings,Small (6-20 employees)
montanamixers,33.75,2880.0,Base Customers,General/Specialty Manufacturing,Micro (1-5 employees)
vogona,281.0,2421.0,Rising Stars,General Retail,Micro (1-5 employees)
treatmenttechnology,40.75,8009.3,At Risk,General Wholesale/Distribution,Small (6-20 employees)
duecksmechanicalinc,12.25,1455.3,Base Customers,General/Specialty Manufacturing,Small (6-20 employees)
randolphpaper2,308.0,7644.0,Core Champions,General Wholesale/Distribution,Small (6-20 employees)
carlsondockandbarge,47.666666666666664,11121.0,At Risk,General Retail,Small (6-20 employees)
fishfoodies,8.416666666666666,5692.3,At Risk,General Wholesale/Distribution,Micro (1-5 employees)
davantllc,122.0,1647.0,Rising Stars,General Wholesale/Distribution,Micro (1-5 employees)
hexcoreofamerica,10.166666666666666,6314.6,At Risk,General/Specialty Manufacturing,Micro (1-5 employees)
highaltitudemanufacturingglobalinc,61.0,854.0,Base Customers,General/Specialty Manufacturing,Micro (1-5 employees)
egeproducts,115.5,19220.03,Core Champions,General/Specialty Manufacturing,Medium (21-50 employees)
dddirect,208.0,2667.0,Rising Stars,General Wholesale/Distribution,Micro (1-5 employees)
sherbistone,186.0,3096.0,Rising Stars,General Wholesale/Distribution,Unknown
puzzlesthatrock,40.0,642.0,Base Customers,General Wholesale/Distribution,Unknown
jentschcompany,80.0,1160.0,Rising Stars,General/Specialty Manufacturing,Micro (1-5 employees)
kerrywilkensinc,98.0,928.0,Rising Stars,General/Specialty Manufacturing,Medium (21-50 employees)
publicmetal,5.083333333333333,7639.25,At Risk,General/Specialty Manufacturing,Small (6-20 employees)
sonomachampagnesabres,4.333333333333333,644.0,Base Customers,General Retail,Micro (1-5 employees)
summitlaboratories2,783.0,8986.0,Core Champions,General/Specialty Manufacturing,Medium (21-50 employees)
summitflooring,49.083333333333336,9086.8,At Risk,General Wholesale/Distribution,Small (6-20 employees)
raicescubanascigarsusainc2,89.0,1335.0,Rising Stars,General Wholesale/Distribution,Micro (1-5 employees)
ozenairtechnology2,30.583333333333332,3879.8,Base Customers,General/Specialty Manufacturing,Micro (1-5 employees)
aromaticfragrancetechnologies,16.333333333333332,2435.0,Base Customers,General/Specialty Manufacturing,Micro (1-5 employees)
fortyeightbarriers,49.0,686.0,Base Customers,General Wholesale/Distribution,Small (6-20 employees)
luxurydistributiongroup,322.0,4718.0,Core Champions,General/Specialty Manufacturing,Unknown
rexdistributioninc,211.0,2483.0,Rising Stars,General Wholesale/Distribution,Micro (1-5 employees)
hisigns,90.16666666666669,18422.7,Core Champions,General/Specialty Manufacturing,Micro (1-5 employees)
edreedcompany,61.0,5766.0,At Risk,General Wholesale/Distribution,Micro (1-5 employees)
mjjdassociatesllc,236.0,7575.5,Core Champions,General/Specialty Manufacturing,Large (51-200 employees)
davinciandtesla,15.25,2285.06,Base Customers,General Wholesale/Distribution,Micro (1-5 employees)
genesismachineandfabricationinc,257.0,3391.0,Rising Stars,General Wholesale/Distribution,Medium (21-50 employees)
bieldentalcabinetsrebielcompanyinc,9.166666666666666,1353.6,Base Customers,General/Specialty Manufacturing,Medium (21-50 employees)
bituox,233.0,2932.0,Rising Stars,General/Specialty Manufacturing,Unknown
chalmersford,81.66666666666667,20089.0,Core Champions,General/Specialty Manufacturing,Small (6-20 employees)
kandedistributing2,36.75,5356.0,At Risk,General Wholesale/Distribution,Small (6-20 employees)
terrapin2,49.0,784.0,Base Customers,General/Specialty Manufacturing,Micro (1-5 employees)
petitvin2,147.0,2401.0,Rising Stars,General Wholesale/Distribution,Small (6-20 employees)
cpvusanew,385.0,5149.0,Core Champions,General Wholesale/Distribution,Medium (21-50 employees)
callanindustrial2,196.0,3185.0,Rising Stars,General/Specialty Manufacturing,Unknown
underhillinternational,28.0,9838.4,At Risk,General/Specialty Manufacturing,Small (6-20 employees)
hawkvalve,9.5,1547.5,Base Customers,General Wholesale/Distribution,Small (6-20 employees)
canadalab,49.0,1581.0,Base Customers,General Wholesale/Distribution,Small (6-20 employees)
americantankcoinc2,4.083333333333333,1539.9,Base Customers,Metal Fabrication & Steel,Unknown
coastalwipers,26.416666666666668,9332.0,At Risk,General/Specialty Manufacturing,Medium (21-50 employees)
bairespackusa2,159.0,2431.0,Rising Stars,General/Specialty Manufacturing,Small (6-20 employees)
vm5lightingsolutions,196.0,3447.0,Rising Stars,General Wholesale/Distribution,Unknown
twobirds,8.166666666666666,1506.0,Base Customers,Food & Beverage Dist/Mfg,Micro (1-5 employees)
briarford2,112.0,1925.0,Rising Stars,General Wholesale/Distribution,Small (6-20 employees)
noorwholesale,113.0,1921.0,Rising Stars,General Wholesale/Distribution,Small (6-20 employees)
protechequipment,15.583333333333334,2636.1,Base Customers,General/Specialty Manufacturing,Micro (1-5 employees)
papajifoods3,274.0,3385.0,Rising Stars,General Wholesale/Distribution,Small (6-20 employees)
cooksdoorsandmouldingsinc,231.0,8176.0,Core Champions,General Retail,Micro (1-5 employees)
callanindustrial,633.0,13899.0,Core Champions,General Wholesale/Distribution,Small (6-20 employees)
circlethreedesigns3,6.666666666666667,6613.0,At Risk,General/Specialty Manufacturing,Micro (1-5 employees)
sixhundredandtwentyninegroup,26.0,785.5,Base Customers,General Wholesale/Distribution,Micro (1-5 employees)
hucksterinc,52.0,2100.0,Base Customers,General Wholesale/Distribution,Unknown
mnjenterprisellc,392.0,6034.0,Core Champions,General Wholesale/Distribution,Micro (1-5 employees)
totalfeedsinc,448.0,4668.0,Core Champions,General Wholesale/Distribution,Micro (1-5 employees)
opcdistributionllc,270.0,2116.0,Rising Stars,General Wholesale/Distribution,Unknown
thepoolenclosureguys,98.0,1392.0,Rising Stars,General/Specialty Manufacturing,Micro (1-5 employees)
arboragri,37.0,666.0,Base Customers,General Wholesale/Distribution,Unknown
pesaventollc,52.0,1348.0,Base Customers,General/Specialty Manufacturing,Micro (1-5 employees)
automatedroomcontrolsinc2,402.0,7171.0,Core Champions,General Wholesale/Distribution,Micro (1-5 employees)
redstonetechnical,175.0,7997.0,Core Champions,General Wholesale/Distribution,Small (6-20 employees)
hallknifeandforge,52.0,988.0,Base Customers,Agriculture & Greenhouse/Nursery,Small (6-20 employees)
vectorr,40.0,760.0,Base Customers,General/Specialty Manufacturing,Small (6-20 employees)
lesgerstionsdmanagementlin,4.083333333333333,841.0,Base Customers,General Wholesale/Distribution,Unknown
mobilitycityofworcestermassachusetts,205.6,3008.8,Rising Stars,General Retail,Micro (1-5 employees)
nedia,247.0,4888.0,Core Champions,General/Specialty Manufacturing,Medium (21-50 employees)
highpowerproducts,16.666666666666668,1944.0,Base Customers,General/Specialty Manufacturing,Small (6-20 employees)
southweststeelfabrication,49.0,1558.2,Base Customers,Building Materials & Construction,Medium (21-50 employees)
staplesenterprises4,1137.0,17576.0,Core Champions,General Wholesale/Distribution,Enterprise (200+ employees)
norcada3,38.333333333333336,7258.5,At Risk,General/Specialty Manufacturing,Medium (21-50 employees)
vikingcommunicationsinc2,22.25,5636.0,At Risk,General Retail,Small (6-20 employees)
seatinghub2,4.333333333333333,874.0,Base Customers,General Retail,Unknown
mobilitycityofgreatercincinnati,78.4,1568.0,Rising Stars,General Retail,Unknown
ajco,3.3333333333333335,665.0,Base Customers,General Wholesale/Distribution,Unknown
smindustries3,217.0,5434.0,Core Champions,General Wholesale/Distribution,Small (6-20 employees)
reidwitlinltd,10.833333333333334,1797.5,Base Customers,General Wholesale/Distribution,Small (6-20 employees)
protectconstruction,16.333333333333332,2053.8,Base Customers,General Wholesale/Distribution,Unknown
marineinnovations2,39.75,7705.0,At Risk,General/Specialty Manufacturing,Medium (21-50 employees)
ceramicainc,172.0,3240.0,Rising Stars,General/Specialty Manufacturing,Medium (21-50 employees)
hydrospraywashsystemsinc,22.666666666666668,4582.8,At Risk,General Wholesale/Distribution,Small (6-20 employees)
evolutiontrailertechnologies,10.0,2072.0,Base Customers,General/Specialty Manufacturing,Small (6-20 employees)
flightsalesgroup,40.0,1071.0,Base Customers,General Wholesale/Distribution,Small (6-20 employees)
apparelstuffrus2,187.0,4451.0,Core Champions,General Retail,Micro (1-5 employees)
ensureaseal2,52.0,1040.0,Base Customers,General Wholesale/Distribution,Small (6-20 employees)
mobilitycityofcoloradosprings,235.2,3606.4,Rising Stars,General Retail,Small (6-20 employees)
modisystems,61.0,1037.0,Base Customers,General/Specialty Manufacturing,Small (6-20 employees)
lmhdistribution,4.083333333333333,905.0,Base Customers,General Wholesale/Distribution,Unknown
sylcadesigns2,3.3333333333333335,709.0,Base Customers,General Wholesale/Distribution,Small (6-20 employees)
bloomco3,40.0,800.0,Base Customers,General Wholesale/Distribution,Medium (21-50 employees)
pridgenbrothers,40.0,1120.0,Base Customers,General Wholesale/Distribution,Medium (21-50 employees)
dsagllc2,8.416666666666666,2151.0,Base Customers,General Retail,Micro (1-5 employees)
boswellwindows3,196.0,6154.0,Core Champions,General/Specialty Manufacturing,Unknown
trimports,18.5,3796.2,Base Customers,General Wholesale/Distribution,Small (6-20 employees)
roimetalbuildings,54.083333333333336,12257.7,At Risk,General Retail,Small (6-20 employees)
pacificlink,243.0,5906.0,Core Champions,General Wholesale/Distribution,Small (6-20 employees)
standardvinyl,2.3333333333333335,1122.0,Base Customers,General/Specialty Manufacturing,Micro (1-5 employees)
crowncreationsinc,120.0,2520.0,Rising Stars,Medical Equipment & Supplies,Medium (21-50 employees)
boxgangmanufacturing2,208.0,4336.0,Core Champions,General/Specialty Manufacturing,Large (51-200 employees)
equustockopcollc,18.166666666666668,4467.6,At Risk,General/Specialty Manufacturing,Micro (1-5 employees)
opulencewoodproducts,40.0,880.0,Base Customers,General Wholesale/Distribution,Small (6-20 employees)
anchorsupply2,217.0,5402.06,Core Champions,General Wholesale/Distribution,Micro (1-5 employees)
leadingedgesales2,232.0,4960.0,Core Champions,General Wholesale/Distribution,Unknown
atlasbuildingsystems,369.0,10280.0,Core Champions,General Retail,Large (51-200 employees)
brinksmfgco,152.0,2880.0,Rising Stars,General/Specialty Manufacturing,Medium (21-50 employees)
hdindustriesinc,4.083333333333333,1364.0,Base Customers,General/Specialty Manufacturing,Medium (21-50 employees)
mpactbeverage2,1082.0,23850.0,Core Champions,General/Specialty Manufacturing,Medium (21-50 employees)
abbeyhardware,26.5,7583.25,At Risk,General Wholesale/Distribution,Medium (21-50 employees)
cbsolutionslp,52.0,1721.0,Base Customers,General Wholesale/Distribution,Micro (1-5 employees)
ranchandcointeriors,336.0,7442.0,Core Champions,General/Specialty Manufacturing,Micro (1-5 employees)
volitant2,12.333333333333334,4597.0,At Risk,General Wholesale/Distribution,Medium (21-50 employees)
vortex2,32.083333333333336,6866.1,At Risk,General/Specialty Manufacturing,Small (6-20 employees)
tradepak2,12.25,3036.0,Base Customers,General/Specialty Manufacturing,Small (6-20 employees)
ucoat,146.0,3358.0,Rising Stars,General Wholesale/Distribution,Micro (1-5 employees)
fogartyslakeflowermarina,39.916666666666664,8796.6,At Risk,General Retail,Small (6-20 employees)
galaxy2,24.416666666666668,3087.0,Base Customers,General Wholesale/Distribution,Micro (1-5 employees)
atlanticrestaurantandsupermarketequipment,60.0,11982.6,At Risk,General Wholesale/Distribution,Small (6-20 employees)
perlite,61.0,1403.0,Base Customers,General Wholesale/Distribution,Small (6-20 employees)
planetarydesign2,223.0,7476.0,Core Champions,General Wholesale/Distribution,Medium (21-50 employees)
pfpspokane2,475.0,14698.0,Core Champions,General Wholesale/Distribution,Micro (1-5 employees)
sixdegreesnorthbeveragegroup,66.25,13450.5,Core Champions,General Wholesale/Distribution,Small (6-20 employees)
brewersicecompanyllc,49.0,5401.0,At Risk,General/Specialty Manufacturing,Large (51-200 employees)
yudoinc,44.833333333333336,10278.6,At Risk,General/Specialty Manufacturing,Medium (21-50 employees)
quipementsvegtech,125.0,2554.0,Rising Stars,General/Specialty Manufacturing,Medium (21-50 employees)
paragonshuttersinternationalptyltd,49.0,1176.0,Base Customers,General Wholesale/Distribution,Micro (1-5 employees)
periodmouldings2,61.0,2150.0,Base Customers,General/Specialty Manufacturing,Medium (21-50 employees)
fuelinjectorclinic2,249.0,5407.0,Core Champions,General Wholesale/Distribution,Small (6-20 employees)
aandmdiscountfurniture4,467.0,11255.0,Core Champions,General Retail,Small (6-20 employees)
mautekinc,28.0,724.0,Base Customers,General/Specialty Manufacturing,Micro (1-5 employees)
mustangnorth,40.0,1021.0,Base Customers,General Wholesale/Distribution,Small (6-20 employees)
pma13,1067.0,18348.0,Core Champions,General/Specialty Manufacturing,Micro (1-5 employees)
energycurve,275.0,7601.0,Core Champions,General/Specialty Manufacturing,Small (6-20 employees)
ebamethod,301.0,9998.0,Core Champions,General/Specialty Manufacturing,Medium (21-50 employees)
dinosaw2,61.0,1733.0,Base Customers,General/Specialty Manufacturing,Medium (21-50 employees)
flooringrva,465.0,11341.0,Core Champions,General Retail,Small (6-20 employees)
biophotasincsandbox,80.0,1800.0,Rising Stars,General/Specialty Manufacturing,Small (6-20 employees)
halosilinternationalnxtllc,110.0,4696.0,Core Champions,General/Specialty Manufacturing,Micro (1-5 employees)
dyetusainc,12.5,3876.0,Base Customers,General Wholesale/Distribution,Micro (1-5 employees)
area51sportsltd,11.166666666666666,6802.0,At Risk,General Wholesale/Distribution,Small (6-20 employees)
championproducts2,6.666666666666667,1800.0,Base Customers,General Wholesale/Distribution,Unknown
atlanticindustrialcorp,5.083333333333333,1350.0,Base Customers,General Wholesale/Distribution,Unknown
sunriseindustrialcleanersinc,56.0,1708.0,Base Customers,General/Specialty Manufacturing,Small (6-20 employees)
nationalfiltersupply,196.0,8669.0,Core Champions,General Wholesale/Distribution,Medium (21-50 employees)
jemmcollc,13.5,3321.0,Base Customers,General Wholesale/Distribution,Micro (1-5 employees)
goldnerdockconstruction,24.5,5799.0,At Risk,General/Specialty Manufacturing,Large (51-200 employees)
limbbusterllc,89.0,1754.0,Rising Stars,General/Specialty Manufacturing,Small (6-20 employees)
trendysurfaces,56.0,2408.0,Base Customers,General Wholesale/Distribution,Small (6-20 employees)
pghorticulturelimited,23.0,5764.5,At Risk,General Wholesale/Distribution,Small (6-20 employees)
wearingwilliamsltd2,34.583333333333336,8710.2,At Risk,General Wholesale/Distribution,Small (6-20 employees)
tandssalesinc,6.666666666666667,1872.0,Base Customers,General Wholesale/Distribution,Small (6-20 employees)
commfitness3,44.083333333333336,12528.9,At Risk,General Wholesale/Distribution,Medium (21-50 employees)
fishtnkinc,3.3333333333333335,960.0,Base Customers,General/Specialty Manufacturing,Medium (21-50 employees)
mytcoatcommercialoutdoorfurniture,613.0,14789.0,Core Champions,General/Specialty Manufacturing,Large (51-200 employees)
transmetroninc3,188.0,6228.0,Core Champions,General Retail,Small (6-20 employees)
multiresidentialsupplyltd,9.166666666666666,2352.0,Base Customers,General Wholesale/Distribution,Small (6-20 employees)
ecocafs,98.0,3038.0,Rising Stars,General/Specialty Manufacturing,Micro (1-5 employees)
ippowerhouse,49.0,1470.0,Base Customers,Electronics & Technology,Unknown
boutiqueampsdistribution,507.0,10304.0,Core Champions,General/Specialty Manufacturing,Large (51-200 employees)
whiteherrinmetals,134.0,2921.2,Rising Stars,General/Specialty Manufacturing,Micro (1-5 employees)
hongkongmarket,49.0,1421.0,Base Customers,General Wholesale/Distribution,Small (6-20 employees)
luxuryair,28.0,2140.0,Base Customers,General Wholesale/Distribution,Unknown
dalmatianfireequipment,120.0,3240.0,Rising Stars,General/Specialty Manufacturing,Small (6-20 employees)
marcatodirectlimited2,3.3333333333333335,1108.0,Base Customers,General Wholesale/Distribution,Small (6-20 employees)
jdshouseoftrophies,196.0,5243.0,Core Champions,General Retail,Micro (1-5 employees)
autorescuetools,61.0,3166.0,Base Customers,Automotive & Transportation,Micro (1-5 employees)
jafedecorating,534.0,19763.0,Core Champions,General/Specialty Manufacturing,Large (51-200 employees)
hblindia,40.0,1120.0,Base Customers,General/Specialty Manufacturing,Unknown
acheerfulgiver,13.333333333333334,3958.0,Base Customers,General Wholesale/Distribution,Micro (1-5 employees)
informedag3,12.25,4320.9,At Risk,General Retail,Small (6-20 employees)
integriturf2,183.0,5503.0,Core Champions,General Wholesale/Distribution,Micro (1-5 employees)
americanlithiumenergy2,129.0,3912.0,Rising Stars,General/Specialty Manufacturing,Medium (21-50 employees)
baconmail,285.0,6624.0,Core Champions,General/Specialty Manufacturing,Small (6-20 employees)
onwamarine2,6.666666666666667,1944.0,Base Customers,General/Specialty Manufacturing,Unknown
prionesource,122.0,4138.0,Rising Stars,General Wholesale/Distribution,Micro (1-5 employees)
enzusainc,846.0,19905.0,Core Champions,General/Specialty Manufacturing,Small (6-20 employees)
buddyventuresinternationalltd2,6.083333333333333,2423.7,Base Customers,General Retail,Micro (1-5 employees)
americanbackcountry,25.75,7391.0,At Risk,General Wholesale/Distribution,Small (6-20 employees)
fencetrac2,244.0,7141.0,Core Champions,General/Specialty Manufacturing,Small (6-20 employees)
accurateforklift3,1888.0,48134.0,Core Champions,General/Specialty Manufacturing,Medium (21-50 employees)
ftlenterprises,6.666666666666667,2160.0,Base Customers,General Wholesale/Distribution,Micro (1-5 employees)
cappadociarugsllc,280.0,6164.0,Core Champions,Furniture & Home Furnishings,Micro (1-5 employees)
muleresophonicguitars,49.0,1470.0,Base Customers,General/Specialty Manufacturing,Unknown
greatnorthernfishcompanyincorporationdbano,14.5,5094.0,At Risk,General Wholesale/Distribution,Micro (1-5 employees)
wtidistributioninc,3.3333333333333335,1080.0,Base Customers,General Wholesale/Distribution,Enterprise (200+ employees)
fbfnorthamerica,3.3333333333333335,940.0,Base Customers,General/Specialty Manufacturing,Micro (1-5 employees)
wktrincdbafloridadocks,8.166666666666666,3487.2,Base Customers,General Wholesale/Distribution,Micro (1-5 employees)
halderinc,34.833333333333336,9045.4,At Risk,General Wholesale/Distribution,Small (6-20 employees)
flowmeasurementservices,125.0,4022.0,Rising Stars,General Wholesale/Distribution,Micro (1-5 employees)
ambessenterprisesinc3,245.0,6691.0,Core Champions,General Wholesale/Distribution,Small (6-20 employees)
amariesbathflowershop3,49.0,1666.0,Base Customers,General Wholesale/Distribution,Medium (21-50 employees)
rcswiftllc,52.0,1659.23,Base Customers,General Wholesale/Distribution,Micro (1-5 employees)
spatialgenomics3,4.666666666666667,1554.25,Base Customers,General/Specialty Manufacturing,Small (6-20 employees)
qualityflooring,294.0,2058.0,Rising Stars,General Retail,Unknown
southwestenvirotxpartnersllc,25.416666666666668,8100.0,At Risk,General/Specialty Manufacturing,Medium (21-50 employees)
hattrickdistributioninc,453.0,11173.0,Core Champions,General Wholesale/Distribution,Unknown
kinetictoolsinc,28.583333333333332,8694.0,At Risk,General Wholesale/Distribution,Small (6-20 employees)
farmtosummit,4.666666666666667,1250.0,Base Customers,Food & Beverage Dist/Mfg,Small (6-20 employees)
terrazaspecialties,98.0,3038.0,Rising Stars,General Wholesale/Distribution,Unknown
specialtechnicalservicesinc,6.083333333333333,2512.0,Base Customers,General/Specialty Manufacturing,Micro (1-5 employees)
steerintrailersales,9.0,3952.8,Base Customers,Automotive & Transportation,Medium (21-50 employees)
uniquedesignsolutionsllc,18.25,4499.75,At Risk,General Wholesale/Distribution,Medium (21-50 employees)
vipsupplyco,18.0,5108.0,At Risk,General Retail,Small (6-20 employees)
cggschmidt2,17.333333333333332,9382.6,At Risk,General/Specialty Manufacturing,Small (6-20 employees)
topsecretcustoms,2.3333333333333335,4989.0,At Risk,General Retail,Small (6-20 employees)
getbold,147.0,2058.0,Rising Stars,General/Specialty Manufacturing,Medium (21-50 employees)
thierrylasry2,8.166666666666666,2664.9,Base Customers,General Wholesale/Distribution,Micro (1-5 employees)
smokinggoose2,245.0,6272.0,Core Champions,General/Specialty Manufacturing,Micro (1-5 employees)
saveonlaser,16.666666666666668,3872.0,Base Customers,General Retail,Small (6-20 employees)
aplpg3,77.0,3897.0,Rising Stars,General Wholesale/Distribution,Small (6-20 employees)
cumsausa,4.666666666666667,1656.0,Base Customers,General/Specialty Manufacturing,Micro (1-5 employees)
vintagemakesllc,31.5,14379.0,At Risk,General Wholesale/Distribution,Small (6-20 employees)
kearfabrication,586.0,13603.0,Core Champions,General/Specialty Manufacturing,Large (51-200 employees)
tripdrip,224.0,8016.0,Core Champions,General Wholesale/Distribution,Unknown
thermolex,20.333333333333332,6547.0,At Risk,General Wholesale/Distribution,Micro (1-5 employees)
kaossoftwearllc,89.0,3399.0,Rising Stars,General/Specialty Manufacturing,Micro (1-5 employees)
elysianlabsllc3,398.0,13240.5,Core Champions,General Wholesale/Distribution,Medium (21-50 employees)
vcssalesanddistribution,148.0,5286.0,Core Champions,General/Specialty Manufacturing,Micro (1-5 employees)
rojascigarsllc,80.0,2671.0,Rising Stars,General Wholesale/Distribution,Unknown
siquesttechnologysdnbhd,285.0,7220.0,Core Champions,General Wholesale/Distribution,Micro (1-5 employees)
foodsalive,5.666666666666667,4594.8,At Risk,General/Specialty Manufacturing,Medium (21-50 employees)
adkfragrancefarm,3.3333333333333335,1924.0,Base Customers,General/Specialty Manufacturing,Small (6-20 employees)
iceworksbathco,116.0,8263.0,Core Champions,General/Specialty Manufacturing,Small (6-20 employees)
welshhottubs2,89.0,2875.0,Rising Stars,General Retail,Medium (21-50 employees)
blueridgescreenproducts,239.0,5584.0,Core Champions,General Wholesale/Distribution,Small (6-20 employees)
delmarvadesigncenter,1016.0,25471.0,Core Champions,General Retail,Small (6-20 employees)
lumienlighting,32.0,12022.0,At Risk,General Wholesale/Distribution,Small (6-20 employees)
millibar,98.0,4101.0,Rising Stars,General/Specialty Manufacturing,Micro (1-5 employees)
lafittesseafood,9.083333333333334,3305.0,Base Customers,General Wholesale/Distribution,Unknown
smuckerpelleting,28.0,980.0,Base Customers,General/Specialty Manufacturing,Small (6-20 employees)
sterlinghardwareltd,458.0,11189.0,Core Champions,General Wholesale/Distribution,Small (6-20 employees)
sawsolutionsinc,17.25,7520.75,At Risk,General Wholesale/Distribution,Small (6-20 employees)
actionlighting,18.666666666666668,7082.1,At Risk,General/Specialty Manufacturing,Small (6-20 employees)
endlessfunllc,39.666666666666664,13833.0,At Risk,General/Specialty Manufacturing,Medium (21-50 employees)
fibonaccillc,117.0,4189.0,Rising Stars,General/Specialty Manufacturing,Large (51-200 employees)
victorcastilloincdbatortilleriatemecula,15.333333333333334,4449.6,At Risk,General/Specialty Manufacturing,Large (51-200 employees)
eshhardwareandfarmsupplyllc2,16.333333333333332,4991.0,At Risk,General Retail,Medium (21-50 employees)
surfaceteccorp3,219.0,6716.0,Core Champions,General/Specialty Manufacturing,Small (6-20 employees)
rhinoskintoughusainc,120.0,5101.0,Core Champions,Manufacturer Representatives,Micro (1-5 employees)
halamotors,28.0,5761.0,At Risk,General Wholesale/Distribution,Small (6-20 employees)
sunshinellc2023,932.0,32599.0,Core Champions,General/Specialty Manufacturing,Small (6-20 employees)
traxandmore,3.3333333333333335,2528.0,Base Customers,General Wholesale/Distribution,Micro (1-5 employees)
glfast4,61.0,1894.0,Base Customers,General Wholesale/Distribution,Small (6-20 employees)
silvertecmfginc2,28.0,1036.0,Base Customers,General/Specialty Manufacturing,Small (6-20 employees)
fitnessandexercisesolutions3,24.333333333333332,8306.0,At Risk,General Retail,Micro (1-5 employees)
preferredbathinc,61.0,2125.0,Base Customers,General Wholesale/Distribution,Small (6-20 employees)
holdit,488.0,14945.29,Core Champions,General/Specialty Manufacturing,Medium (21-50 employees)
permarkbadges2,245.0,10894.5,Core Champions,General/Specialty Manufacturing,Micro (1-5 employees)
northamericamattresscorp,383.0,13989.0,Core Champions,General/Specialty Manufacturing,Medium (21-50 employees)
maplevalley,129.0,5888.0,Core Champions,General/Specialty Manufacturing,Small (6-20 employees)
coastaltransfers,68.0,3764.0,Rising Stars,General Wholesale/Distribution,Small (6-20 employees)
multiseal2,23.0,15572.0,At Risk,General/Specialty Manufacturing,Micro (1-5 employees)
netzerousa2,423.0,12279.0,Core Champions,Building Materials & Construction,Unknown
unicellsupply2,242.0,7203.0,Core Champions,General Wholesale/Distribution,Micro (1-5 employees)
dolphinheatexchangerusa,19.5,7735.4,At Risk,General Wholesale/Distribution,Small (6-20 employees)
procurementequipment,424.0,13519.0,Core Champions,General Wholesale/Distribution,Micro (1-5 employees)
nationalkitchensbathsandmore1,246.0,11799.0,Core Champions,General Wholesale/Distribution,Unknown
bodegatile,54.083333333333336,39296.45,At Risk,Building Materials & Construction,Small (6-20 employees)
lionoutdoor,40.0,1569.0,Base Customers,General/Specialty Manufacturing,Unknown
repssinc,360.0,13320.0,Core Champions,General Wholesale/Distribution,Micro (1-5 employees)
mobilitycityofomaha,40.0,1618.0,Base Customers,Medical Equipment & Supplies,Micro (1-5 employees)
thewristbandcompany,169.0,5359.0,Core Champions,General Retail,Unknown
megaelevatorparts2,110.0,2525.0,Rising Stars,General Wholesale/Distribution,Unknown
jouffreinc2,423.0,16549.0,Core Champions,Furniture & Home Furnishings,Small (6-20 employees)
botanaway,1003.0,41874.0,Core Champions,General Retail,Large (51-200 employees)
sierraloghomes,184.0,5681.0,Core Champions,General/Specialty Manufacturing,Large (51-200 employees)
paladinpower2,53.666666666666664,21652.0,At Risk,General/Specialty Manufacturing,Micro (1-5 employees)
hccigarsdaytonallc2,186.0,7552.0,Core Champions,General Retail,Micro (1-5 employees)
johnmarksre2,407.0,10790.0,Core Champions,Packaging & Printing,Unknown
kingoillubricantsllc,147.0,4361.0,Core Champions,General/Specialty Manufacturing,Micro (1-5 employees)
theattachmentcompanyllc,49.0,2586.0,Base Customers,General Retail,Micro (1-5 employees)
privatelabelsupport,16.666666666666668,8860.0,At Risk,General Wholesale/Distribution,Unknown
bignotemusic,35.916666666666664,13010.0,At Risk,General Retail,Small (6-20 employees)
kandbfloorcoveringllc,110.0,4239.0,Rising Stars,Building Materials & Construction,Micro (1-5 employees)
whclenterprises2,98.0,5243.0,Core Champions,General Wholesale/Distribution,Small (6-20 employees)
imperialprivacysystemsllc,31.75,15388.0,At Risk,General/Specialty Manufacturing,Medium (21-50 employees)
roadrunner2,264.0,10170.0,Core Champions,General Wholesale/Distribution,Small (6-20 employees)
cathxmedicalinc2,844.0,21389.0,Core Champions,General/Specialty Manufacturing,Large (51-200 employees)
StricklandsMyrtleBeach,40.0,2680.0,Base Customers,General Retail,Micro (1-5 employees)
arczonecominc,13.833333333333334,12210.0,At Risk,General/Specialty Manufacturing,Small (6-20 employees)
smsprecisiontech2,40.0,5412.0,At Risk,General/Specialty Manufacturing,Medium (21-50 employees)
georgiastage,252.0,12259.0,Core Champions,General/Specialty Manufacturing,Medium (21-50 employees)
calcert,61.0,9664.0,At Risk,General Wholesale/Distribution,Micro (1-5 employees)
doozlandllc,104.0,3536.0,Rising Stars,Food & Beverage Dist/Mfg,Micro (1-5 employees)
westerndovetailinc2,170.0,5270.0,Core Champions,General/Specialty Manufacturing,Medium (21-50 employees)
maxinesniderinc,86.0,3707.0,Rising Stars,General/Specialty Manufacturing,Large (51-200 employees)
aedeschristiholdingsincdbadubalbros,2.3333333333333335,1355.0,Base Customers,Apparel & Textiles,Unknown
camachocoffee,552.0,21169.0,Core Champions,Food & Beverage Dist/Mfg,Unknown
eqlocktest,49.0,2156.0,Base Customers,General/Specialty Manufacturing,Micro (1-5 employees)
cwfame,52.0,2644.0,Base Customers,General Retail,Micro (1-5 employees)
impulseradarusainc,20.416666666666668,9460.0,At Risk,General/Specialty Manufacturing,Small (6-20 employees)
profwhytekratom,369.0,27275.0,Core Champions,General Wholesale/Distribution,Unknown
hsabearings,122.0,3677.0,Rising Stars,General Wholesale/Distribution,Small (6-20 employees)
richcompower,61.0,2989.0,Base Customers,General/Specialty Manufacturing,Small (6-20 employees)
durabikelocker,20.416666666666668,13296.0,At Risk,General/Specialty Manufacturing,Medium (21-50 employees)
heritagesheds,254.0,5834.0,Core Champions,General/Specialty Manufacturing,Medium (21-50 employees)
derwasofwelshpoolltd2,3.3333333333333335,6403.0,At Risk,General Retail,Micro (1-5 employees)
hydeparkpartners,40.0,15033.0,At Risk,General Wholesale/Distribution,Small (6-20 employees)
nomipackaging2,61.0,3308.0,Base Customers,General Wholesale/Distribution,Micro (1-5 employees)
tuffeventsllc,245.0,11270.0,Core Champions,General/Specialty Manufacturing,Unknown
animalhospitalsupplyinc2,432.0,25685.07,Core Champions,General Wholesale/Distribution,Small (6-20 employees)
colorantic,84.0,5448.0,Core Champions,General/Specialty Manufacturing,Medium (21-50 employees)
access2mobilityinc,48.583333333333336,25766.0,At Risk,General Retail,Small (6-20 employees)
ibixsurfacetechnologies,120.0,5399.0,Core Champions,General Wholesale/Distribution,Small (6-20 employees)
goodchemistry,31.75,16700.0,At Risk,General Retail,Medium (21-50 employees)
perine2,120.0,4600.0,Core Champions,General Wholesale/Distribution,Small (6-20 employees)
ppcindustries1,4.083333333333333,2068.0,Base Customers,General/Specialty Manufacturing,Unknown
inspiredsciencesllc,673.0,21951.0,Core Champions,General Wholesale/Distribution,Small (6-20 employees)
cashionfishingrods2,80.0,5214.0,Core Champions,Sporting Goods & Fitness Equipment,Large (51-200 employees)
lillipadmarine2,8.0,4868.0,At Risk,General/Specialty Manufacturing,Micro (1-5 employees)
lampnutra2,322.0,15515.0,Core Champions,General/Specialty Manufacturing,Micro (1-5 employees)
rlhindustriesinc2,1164.0,40214.39,Core Champions,General/Specialty Manufacturing,Small (6-20 employees)
prestigeislandexports,235.0,12355.0,Core Champions,General Wholesale/Distribution,Unknown
swissmadebrandsusa2,6.666666666666667,3496.0,Base Customers,General Retail,Small (6-20 employees)
lancoacquisitionllc,20.333333333333332,10242.1,At Risk,General/Specialty Manufacturing,Micro (1-5 employees)
wholelogreclaimed3,98.0,4557.0,Core Champions,Building Materials & Construction,Small (6-20 employees)
ameritechfacilitysupplyllc,14.25,6428.54,At Risk,General Wholesale/Distribution,Micro (1-5 employees)
cpffloorsllc,51.166666666666664,39758.32,At Risk,General Wholesale/Distribution,Small (6-20 employees)
safaribeltingsystemsinc,915.0,37181.0,Core Champions,General Wholesale/Distribution,Small (6-20 employees)
jpmdistributors,6.666666666666667,3392.0,Base Customers,General Wholesale/Distribution,Unknown
vtechnicaltextiles,111.0,5962.0,Core Champions,General/Specialty Manufacturing,Medium (21-50 employees)
trioniccorp2,98.0,4704.0,Core Champions,General/Specialty Manufacturing,Small (6-20 employees)
furnitureprocorp,49.0,2618.0,Base Customers,General Wholesale/Distribution,Small (6-20 employees)
pinnacleindustrialsupply,22.75,11560.72,At Risk,General Wholesale/Distribution,Large (51-200 employees)
centricityvisioninc3,13.25,28860.0,At Risk,General/Specialty Manufacturing,Small (6-20 employees)
universalpowerconversion,11.166666666666666,5604.0,At Risk,General Wholesale/Distribution,Small (6-20 employees)
dtcshycat1,12.25,4365.9,At Risk,General/Specialty Manufacturing,Small (6-20 employees)
capitalcityawning3,23.75,12234.0,At Risk,General/Specialty Manufacturing,Micro (1-5 employees)
firstmedicalinternationalcorp2,295.0,11489.0,Core Champions,General Retail,Small (6-20 employees)
ThePianoPlaceMichigan,93.0,3952.0,Rising Stars,General Retail,Unknown
easternwearparts,68.0,2733.0,Rising Stars,General Retail,Unknown
Wilco,89.0,7823.0,Core Champions,General Wholesale/Distribution,Small (6-20 employees)
metkonusainc,372.0,10164.0,Core Champions,General Wholesale/Distribution,Small (6-20 employees)
healthcarestoragesolutionscorporation,211.0,10747.0,Core Champions,General Wholesale/Distribution,Micro (1-5 employees)
alliedmachinerysalesllc,8.166666666666666,4576.0,At Risk,General Wholesale/Distribution,Micro (1-5 employees)
appliedwatertechnologies,126.0,9649.0,Core Champions,General Wholesale/Distribution,Small (6-20 employees)
lancevalves2,120.0,5769.0,Core Champions,General/Specialty Manufacturing,Unknown
lowrymanufacturingcompany2,11.0,8995.0,At Risk,General/Specialty Manufacturing,Medium (21-50 employees)
huntercattlecompany2,98.0,9103.0,Core Champions,General Wholesale/Distribution,Large (51-200 employees)
snoozies,16.083333333333332,7493.0,At Risk,General Wholesale/Distribution,Small (6-20 employees)
medicalz2,20.75,10744.0,At Risk,General/Specialty Manufacturing,Medium (21-50 employees)
schemmbowlinginc,4.083333333333333,2304.0,Base Customers,General Wholesale/Distribution,Micro (1-5 employees)
pattechnology2,27.583333333333332,9999.0,At Risk,General Wholesale/Distribution,Small (6-20 employees)
liquitube,11.0,7062.0,At Risk,General/Specialty Manufacturing,Medium (21-50 employees)
officefirstsolutions,269.0,21240.0,Core Champions,General Retail,Small (6-20 employees)
americanwholesaledistributors2,228.0,16670.0,Core Champions,General Wholesale/Distribution,Micro (1-5 employees)
iconusa,60.833333333333336,13199.0,At Risk,General Retail,Unknown
southwestpianos,86.0,9074.0,Core Champions,General Retail,Micro (1-5 employees)
dcooperworksllc,62.5,22300.8,At Risk,General/Specialty Manufacturing,Small (6-20 employees)
daiwahealthdevelopment,15.583333333333334,8554.0,At Risk,General/Specialty Manufacturing,Small (6-20 employees)
aswnorth,289.0,22708.0,Core Champions,General Wholesale/Distribution,Medium (21-50 employees)
penusa,86.0,3880.0,Rising Stars,Industrial Equipment & Machinery,Unknown
ReuningMcKim,25.5,16018.2,At Risk,General/Specialty Manufacturing,Micro (1-5 employees)
WonkyConfections,334.0,23635.0,Core Champions,Food & Beverage Dist/Mfg,Micro (1-5 employees)
stellalightingincCo1,209.0,11068.0,Core Champions,Electrical & Lighting Equipment,Micro (1-5 employees)
kuumbamadeCo2,336.0,23647.0,Core Champions,General/Specialty Manufacturing,Large (51-200 employees)
aosolutions,147.0,7802.0,Core Champions,Furniture & Home Furnishings,Unknown
intellbioCo3,98.0,5537.0,Core Champions,Medical Equipment & Supplies,Small (6-20 employees)
namusa,39.666666666666664,21241.0,At Risk,Metal Fabrication & Steel,Large (51-200 employees)
bardianivalves,16.333333333333332,8488.0,At Risk,Apparel & Textiles,Micro (1-5 employees)
liquimedlock,264.76,18963.86,Core Champions,"Chemicals, Plastics & Rubber",Small (6-20 employees)
caribbeandiagnosticsltdCo1,26.25,27636.5,At Risk,Medical Equipment & Supplies,Micro (1-5 employees)
enerfusioninc,49.0,2793.0,Base Customers,Electrical & Lighting Equipment,Medium (21-50 employees)
ozopenergysystemsinc,208.0,15263.0,Core Champions,General/Specialty Manufacturing,Small (6-20 employees)
mfmh,923.0,38906.0,Core Champions,General Wholesale/Distribution,Large (51-200 employees)
promotionalproductsfulfillmentdistributionltdCo1,14.083333333333334,15815.0,At Risk,General Wholesale/Distribution,Unknown
Legitshipcbd06,120.0,18248.0,Core Champions,General Wholesale/Distribution,Micro (1-5 employees)
hettaglogg,28.0,2100.0,Base Customers,Food & Beverage Dist/Mfg,Micro (1-5 employees)
jobena,20.416666666666668,8355.0,At Risk,General/Specialty Manufacturing,Unknown
burly,4.083333333333333,3448.0,Base Customers,General/Specialty Manufacturing,Unknown
imagehomedecorlp,98.0,6909.0,Core Champions,Building Materials & Construction,Unknown
MPDmedical,15.25,17538.0,At Risk,Medical Equipment & Supplies,Micro (1-5 employees)
wavedistro1,17.416666666666668,9799.0,At Risk,Electronics & Technology,Small (6-20 employees)
nantucketsinksusa,3.3333333333333335,1984.0,Base Customers,General Wholesale/Distribution,Micro (1-5 employees)
MYOSCORP,387.0,25687.0,Core Champions,Food & Beverage Dist/Mfg,Unknown
perlistenaudiollc,4.083333333333333,2596.0,Base Customers,General/Specialty Manufacturing,Unknown
winecountryconnection,98.0,5782.0,Core Champions,General Retail,Large (51-200 employees)
LPIShownetwork,583.0,32621.0,Core Champions,General Wholesale/Distribution,Micro (1-5 employees)
mdcarts1,766.0,31601.0,Core Champions,Manufacturer Representatives,Small (6-20 employees)
equipmentlockCo,39.583333333333336,15817.0,At Risk,Safety & Security Equipment,Small (6-20 employees)
firestationfurniture,365.0,34259.57,Core Champions,Furniture & Home Furnishings,Small (6-20 employees)
DMM21,120.0,4360.0,Core Champions,General Wholesale/Distribution,Medium (21-50 employees)
logoknits1,4.083333333333333,8897.0,At Risk,Apparel & Textiles,Unknown
FLH,115.66666666666669,57556.8,Core Champions,HVAC & Refrigeration Equipment,Medium (21-50 employees)
happydayflower,200.0,8332.0,Core Champions,Manufacturer Representatives,Small (6-20 employees)
premierCo1,98.0,5880.0,Core Champions,General Wholesale/Distribution,Unknown
knexMethod,18.916666666666668,11870.0,At Risk,General/Specialty Manufacturing,Unknown
amesresearchinc,148.0,12293.0,Core Champions,"Chemicals, Plastics & Rubber",Small (6-20 employees)
antares,33.166666666666664,20738.0,At Risk,Medical Equipment & Supplies,Small (6-20 employees)
coolbluedistribution,80.0,13635.65,Core Champions,General Wholesale/Distribution,Micro (1-5 employees)
ngalatrading,129.0,9525.0,Core Champions,Furniture & Home Furnishings,Small (6-20 employees)
biggameusaCo2,64.08333333333333,60645.75,Core Champions,Apparel & Textiles,Medium (21-50 employees)
labelsplusCo1,120.0,7298.0,Core Champions,Office Supplies & Equipment,Small (6-20 employees)
anytimebarsuppliesllcCo1,8.0,6220.3,At Risk,Food & Beverage Dist/Mfg,Unknown
haygor,30.833333333333332,10861.3,At Risk,Metal Fabrication & Steel,Large (51-200 employees)
Eastwestemb2,208.0,53227.54,Core Champions,Apparel & Textiles,Large (51-200 employees)
spiritedbluffsllc,245.0,11809.0,Core Champions,Food & Beverage Dist/Mfg,Micro (1-5 employees)
CryturUSA,19.333333333333332,12051.0,At Risk,General/Specialty Manufacturing,Micro (1-5 employees)
stwsincCo1,15.583333333333334,10219.0,At Risk,Apparel & Textiles,Large (51-200 employees)
trunniontable,122.0,7596.0,Core Champions,General Wholesale/Distribution,Small (6-20 employees)
diamondTechnologies,20.416666666666668,21208.0,At Risk,General/Specialty Manufacturing,Medium (21-50 employees)
LappStructures,1421.0,72051.0,Core Champions,General/Specialty Manufacturing,Unknown
sonoranprocess,17.416666666666668,9244.0,At Risk,General Retail,Micro (1-5 employees)
paradigmlabs,252.0,13558.0,Core Champions,"Chemicals, Plastics & Rubber",Medium (21-50 employees)
TexStar,120.0,12240.0,Core Champions,"Chemicals, Plastics & Rubber",Micro (1-5 employees)
RefreshAustralia,57.0,3705.0,Base Customers,Building Materials & Construction,Micro (1-5 employees)
safetnose,80.0,5947.0,Core Champions,Apparel & Textiles,Small (6-20 employees)
griffcovalve,20.5,12539.0,At Risk,General/Specialty Manufacturing,Small (6-20 employees)
lihua,122.0,7229.0,Core Champions,General/Specialty Manufacturing,Micro (1-5 employees)
Keystone,68.0,4524.0,Core Champions,General/Specialty Manufacturing,Unknown
FlowTurn,73.5,60829.7,Core Champions,Industrial Equipment & Machinery,Large (51-200 employees)
wrico,168.0,7952.0,Core Champions,General Wholesale/Distribution,Medium (21-50 employees)
nukitchens132,472.0,36763.0,Core Champions,General Wholesale/Distribution,Medium (21-50 employees)
americanwholesaledistributors,122.0,23851.0,Core Champions,General Wholesale/Distribution,Micro (1-5 employees)
bertelsonprecast,98.0,9611.0,Core Champions,Building Materials & Construction,Small (6-20 employees)
j2medicalsupplyinc,360.0,188291.0,Core Champions,Medical Equipment & Supplies,Micro (1-5 employees)
techtradeglobal,184.0,13528.93,Core Champions,General Wholesale/Distribution,Micro (1-5 employees)
spkassociates,418.0,54542.77,Core Champions,General Wholesale/Distribution,Small (6-20 employees)
Vagabondpetsupply,49.0,3332.0,Base Customers,General/Specialty Manufacturing,Medium (21-50 employees)
yoderbilt,1077.0,93911.0,Core Champions,Agriculture & Greenhouse/Nursery,Micro (1-5 employees)
bindersincCo1,299.0,25698.0,Core Champions,General/Specialty Manufacturing,Micro (1-5 employees)
artemisbiosolutions,31.833333333333332,20034.0,At Risk,General/Specialty Manufacturing,Small (6-20 employees)
loretech,489.0,26977.0,Core Champions,General Wholesale/Distribution,Small (6-20 employees)
gexcorpCo1,132.0,19236.0,Core Champions,General/Specialty Manufacturing,Unknown
gitchsportswearCo1,300.0,20732.0,Core Champions,Sporting Goods & Fitness Equipment,Medium (21-50 employees)
europenaingredientsCo2,27.833333333333332,13406.0,At Risk,General Wholesale/Distribution,Medium (21-50 employees)
bassbrushes,120.0,5428.0,Core Champions,General Wholesale/Distribution,Small (6-20 employees)
highcottonCo2,49.0,4682.0,At Risk,General/Specialty Manufacturing,Unknown
HundeggerNA,50.0,32376.0,At Risk,General/Specialty Manufacturing,Small (6-20 employees)
ipme,257.0,13481.0,Core Champions,General/Specialty Manufacturing,Micro (1-5 employees)
sommselection,240.0,12428.0,Core Champions,General Wholesale/Distribution,Small (6-20 employees)
morepreparedCo2,40.0,10335.0,At Risk,General Retail,Large (51-200 employees)
ancientartsfibrecrafts,40.0,4360.0,At Risk,General Wholesale/Distribution,Small (6-20 employees)
rfdistributor,132.0,9904.0,Core Champions,General Wholesale/Distribution,Small (6-20 employees)
wplastics,84.0,5964.0,Core Champions,General/Specialty Manufacturing,Small (6-20 employees)
Surfaceco,348.0,48347.0,Core Champions,"Chemicals, Plastics & Rubber",Large (51-200 employees)
BioAgEnergy,35.0,45531.5,At Risk,"Chemicals, Plastics & Rubber",Unknown
sylvacorp,346.0,14801.68,Core Champions,General/Specialty Manufacturing,Large (51-200 employees)
ptegolfCo1,34.166666666666664,18140.0,At Risk,General Wholesale/Distribution,Small (6-20 employees)
BarrelBuildersInc,12.25,9395.0,At Risk,General Wholesale/Distribution,Unknown
NadalieUSA,46.5,22989.0,At Risk,General/Specialty Manufacturing,Micro (1-5 employees)
tritterfeeferCo1,279.0,25923.0,Core Champions,General/Specialty Manufacturing,Medium (21-50 employees)
agproinc,20.416666666666668,18709.0,At Risk,General/Specialty Manufacturing,Small (6-20 employees)
tfriedl,49.0,16366.0,At Risk,General Wholesale/Distribution,Small (6-20 employees)
vantagemeasure,89.0,6352.0,Core Champions,General Wholesale/Distribution,Micro (1-5 employees)
urbanfrontltd,196.0,14700.0,Core Champions,General/Specialty Manufacturing,Small (6-20 employees)
maassociates,9.75,4759.0,At Risk,General/Specialty Manufacturing,Micro (1-5 employees)
FoamRubberFabricators,49.0,5831.0,At Risk,"Chemicals, Plastics & Rubber",Micro (1-5 employees)
raybiotech,490.0,29174.0,Core Champions,General/Specialty Manufacturing,Unknown
dars,28.0,2193.0,Base Customers,Food & Beverage Dist/Mfg,Medium (21-50 employees)
leichtseattle1,17.333333333333332,10086.0,At Risk,Furniture & Home Furnishings,Small (6-20 employees)
exergamefitness,14.25,10320.82,At Risk,General/Specialty Manufacturing,Micro (1-5 employees)
boeckeler,12.333333333333334,15233.0,At Risk,General/Specialty Manufacturing,Small (6-20 employees)
rgvegas,9.166666666666666,9242.0,At Risk,General Retail,Medium (21-50 employees)
timberwolfforest,104.0,8852.59,Core Champions,General Retail,Micro (1-5 employees)
lifetimeteallc,49.0,4606.0,At Risk,General Wholesale/Distribution,Unknown
redeagleinternational,445.0,33132.0,Core Champions,"Chemicals, Plastics & Rubber",Small (6-20 employees)
rapidindustriesqbd,7.666666666666667,11547.0,At Risk,General/Specialty Manufacturing,Micro (1-5 employees)
BonOpusSales,17.333333333333332,13954.0,At Risk,General/Specialty Manufacturing,Micro (1-5 employees)
cfsusa1,534.0,35952.0,Core Champions,General/Specialty Manufacturing,Large (51-200 employees)
goldengroveglobal,3.3333333333333335,2880.0,Base Customers,Food & Beverage Dist/Mfg,Unknown
stanwoodredimix,146.0,14705.0,Core Champions,Building Materials & Construction,Small (6-20 employees)
sumakenorthamericaMT,366.0,22843.0,Core Champions,General/Specialty Manufacturing,Micro (1-5 employees)
precisionsurgicalinc,467.0,39362.24,Core Champions,Medical Equipment & Supplies,Small (6-20 employees)
theblastbagCo1,112.0,9044.0,Core Champions,General/Specialty Manufacturing,Small (6-20 employees)
solsticeag,734.0,42370.0,Core Champions,"Chemicals, Plastics & Rubber",Small (6-20 employees)
Solavantilighting1,12.25,11968.0,At Risk,General/Specialty Manufacturing,Micro (1-5 employees)
akzanwholesale,112.0,8484.0,Core Champions,General Wholesale/Distribution,Small (6-20 employees)
pacificergonomics,263.0,24129.0,Core Champions,Office Supplies & Equipment,Small (6-20 employees)
bccrmed,89.0,7307.0,Core Champions,General Wholesale/Distribution,Medium (21-50 employees)
hollingbery,29.0,33568.0,At Risk,Food & Beverage Dist/Mfg,Medium (21-50 employees)
aquashieldenclosures,120.0,12016.0,Core Champions,General/Specialty Manufacturing,Small (6-20 employees)
back2internationalltd,312.0,27924.0,Core Champions,Furniture & Home Furnishings,Large (51-200 employees)
SunshineUSALLC1,108.0,39249.0,Core Champions,Electrical & Lighting Equipment,Medium (21-50 employees)
deltakits1,23.333333333333332,21466.0,At Risk,General/Specialty Manufacturing,Small (6-20 employees)
headnhome,245.0,18591.0,Core Champions,General/Specialty Manufacturing,Medium (21-50 employees)
USTestingEquipment,122.0,23432.0,Core Champions,Safety & Security Equipment,Micro (1-5 employees)
chapmanco,107.0,55574.69,Core Champions,Building Materials & Construction,Micro (1-5 employees)
voltairesystems,22.833333333333332,22722.0,At Risk,General/Specialty Manufacturing,Micro (1-5 employees)
podiatrycc,89.0,8625.0,Core Champions,General Retail,Unknown
pickonus,37.0,23941.0,At Risk,General Retail,Micro (1-5 employees)
expressassembly1,44.75,41881.0,At Risk,General/Specialty Manufacturing,Small (6-20 employees)
MYGUTTERLOCK,181.0,10038.0,Core Champions,General/Specialty Manufacturing,Small (6-20 employees)
CunninghamPianoCo,72.5,49946.0,Core Champions,General Retail,Large (51-200 employees)
excelpkgsystems,188.0,14662.0,Core Champions,Industrial Equipment & Machinery,Micro (1-5 employees)
atWork,49.833333333333336,34273.0,At Risk,Furniture & Home Furnishings,Small (6-20 employees)
affinityr,73.0,7719.0,Core Champions,General Wholesale/Distribution,Micro (1-5 employees)
blkcorp,43.416666666666664,40152.0,At Risk,Manufacturer Representatives,Unknown
keastenterprises,104.0,33532.0,Core Champions,General Retail,Medium (21-50 employees)
apexstone,776.0,55271.0,Core Champions,Building Materials & Construction,Medium (21-50 employees)
ezloinnovation,49.0,49366.0,At Risk,General Wholesale/Distribution,Small (6-20 employees)
shedyard,123.0,29216.81,Core Champions,General Retail,Small (6-20 employees)
triangleatlantic,3.3333333333333335,9862.0,At Risk,General Wholesale/Distribution,Small (6-20 employees)
abeep,478.0,38868.0,Core Champions,General Wholesale/Distribution,Medium (21-50 employees)
trask2000,125.0,25077.0,Core Champions,General/Specialty Manufacturing,Large (51-200 employees)
brownsafe,74.16666666666667,84731.25,Core Champions,General/Specialty Manufacturing,Large (51-200 employees)
equipmentguys,374.0,21355.0,Core Champions,Sporting Goods & Fitness Equipment,Medium (21-50 employees)
houhyd,263.0,24599.0,Core Champions,General/Specialty Manufacturing,Small (6-20 employees)
usafleetsolutions,1003.0,58546.0,Core Champions,General/Specialty Manufacturing,Large (51-200 employees)
novamen,70.5,30891.0,Core Champions,General Retail,Medium (21-50 employees)
fifoil,53.416666666666664,54118.0,At Risk,Industrial Equipment & Machinery,Small (6-20 employees)
fxpartnersusa1,68.0,8941.0,Core Champions,General/Specialty Manufacturing,Micro (1-5 employees)
wagnerranchservices,49.0,4410.0,At Risk,Agriculture & Greenhouse/Nursery,Medium (21-50 employees)
niagaramachine1,116.0,74420.0,Core Champions,General Wholesale/Distribution,Small (6-20 employees)
AVAILForensicsCo1,48.8,5836.0,At Risk,Electronics & Technology,Unknown
albertlpunktinc1,40.0,3640.0,Base Customers,General Wholesale/Distribution,Micro (1-5 employees)
officefurniturecentreglasgow,200.0,17186.0,Core Champions,Furniture & Home Furnishings,Small (6-20 employees)
PlanetPOS,14.0,9485.0,At Risk,Food & Beverage Dist/Mfg,Small (6-20 employees)
fujimats,91.91666666666669,105391.71,Core Champions,General/Specialty Manufacturing,Small (6-20 employees)
classicrockfaceblock,147.0,18186.0,Core Champions,General/Specialty Manufacturing,Small (6-20 employees)
ascocarbondioxideinc,405.0,36148.0,Core Champions,General/Specialty Manufacturing,Micro (1-5 employees)
magnummarketing,21.5,22536.0,At Risk,General/Specialty Manufacturing,Small (6-20 employees)
theheartpinecompany,196.0,10946.0,Core Champions,Wood Products & Lumber,Large (51-200 employees)
stallwatch,49.0,4655.0,At Risk,General Retail,Micro (1-5 employees)
appackagingcorp,401.0,30014.0,Core Champions,General/Specialty Manufacturing,Large (51-200 employees)
celluma,1122.0,83440.0,Core Champions,General/Specialty Manufacturing,Small (6-20 employees)
stagepolymers,104.0,10782.0,Core Champions,Manufacturer Representatives,Micro (1-5 employees)
knf,320.0,29112.0,Core Champions,General/Specialty Manufacturing,Micro (1-5 employees)
cadsupplies1,200.0,16426.07,Core Champions,General Retail,Small (6-20 employees)
tippmannarmscompanyllc,394.0,33382.0,Core Champions,General/Specialty Manufacturing,Large (51-200 employees)
ErazorBits2017,40.0,3840.0,Base Customers,General Wholesale/Distribution,Micro (1-5 employees)
lenworth,414.0,61936.0,Core Champions,General Wholesale/Distribution,Large (51-200 employees)
hylunia,208.0,27216.0,Core Champions,General/Specialty Manufacturing,Large (51-200 employees)
dmitriyco1,15.333333333333334,21479.0,At Risk,Furniture & Home Furnishings,Small (6-20 employees)
thesplashhottubspools,326.0,39744.0,Core Champions,General Retail,Large (51-200 employees)
vpnz,26.666666666666668,32608.0,At Risk,General/Specialty Manufacturing,Micro (1-5 employees)
ct,260.0,20240.0,Core Champions,General Wholesale/Distribution,Small (6-20 employees)
servsixus,120.0,12720.0,Core Champions,General Wholesale/Distribution,Small (6-20 employees)
nellieshairemporiumincnew,120.0,14120.0,Core Champions,General Wholesale/Distribution,Small (6-20 employees)
customturnings,4.333333333333333,4320.0,At Risk,General/Specialty Manufacturing,Small (6-20 employees)
exposuresfineart,3.3333333333333335,3434.0,Base Customers,General Retail,Enterprise (200+ employees)
flowerhouse,40.0,10856.0,At Risk,General Wholesale/Distribution,Micro (1-5 employees)
onsight,3.3333333333333335,13224.0,At Risk,Safety & Security Equipment,Large (51-200 employees)
genprollc,38.0,22107.24,At Risk,General Wholesale/Distribution,Small (6-20 employees)
grothouse,26.666666666666668,23770.0,At Risk,General/Specialty Manufacturing,Small (6-20 employees)
coolsealgaskets,52.0,21072.0,At Risk,HVAC & Refrigeration Equipment,Small (6-20 employees)
hidcorind,80.0,10372.0,Core Champions,General/Specialty Manufacturing,Micro (1-5 employees)
datamemorymarketing,40.0,3840.0,Base Customers,General Wholesale/Distribution,Medium (21-50 employees)
agralarm1,432.0,27256.0,Core Champions,Electronics & Technology,Small (6-20 employees)
elmusa,360.0,36256.0,Core Champions,General Wholesale/Distribution,Medium (21-50 employees)
pipefusionservicesinc,26.25,14986.5,At Risk,Apparel & Textiles,Small (6-20 employees)
penwestcanada,10.0,9093.5,At Risk,Food & Beverage Dist/Mfg,Small (6-20 employees)
globalpackage,5.833333333333333,12420.0,At Risk,General/Specialty Manufacturing,Small (6-20 employees)
seaciderfarmandciderhouse,10.416666666666666,8430.5,At Risk,General/Specialty Manufacturing,Medium (21-50 employees)
exloc9,250.0,28143.0,Core Champions,General/Specialty Manufacturing,Small (6-20 employees)
spus,210.0,18165.0,Core Champions,General Wholesale/Distribution,Small (6-20 employees)
uatllc,5.0,5727.5,At Risk,General Wholesale/Distribution,Micro (1-5 employees)
rapidfireprotectionnew,11.666666666666666,10496.5,At Risk,Safety & Security Equipment,Large (51-200 employees)
fjsproductionsllc,270.96,6436.77,Core Champions,General Retail,Micro (1-5 employees)
vedafarming1,90.0,22340.0,Core Champions,Agriculture & Greenhouse/Nursery,Small (6-20 employees)
merrimuseenterprisesllc,25.0,4416.0,At Risk,General Retail,Micro (1-5 employees)
cityfloral,46.666666666666664,34744.5,At Risk,General Retail,Enterprise (200+ employees)
primefish,35.0,4085.0,Base Customers,General Wholesale/Distribution,Medium (21-50 employees)
westernpackaging,480.0,41560.0,Core Champions,General Wholesale/Distribution,Small (6-20 employees)
datamemorysales,280.0,38514.0,Core Champions,General Wholesale/Distribution,Medium (21-50 employees)
atlanticgraphics,365.0,24755.0,Core Champions,General/Specialty Manufacturing,Large (51-200 employees)
aswsouth,220.0,17880.0,Core Champions,General Wholesale/Distribution,Small (6-20 employees)
elecraft7,555.0,50690.0,Core Champions,General/Specialty Manufacturing,Large (51-200 employees)
apdminc,235.0,20385.0,Core Champions,Medical Equipment & Supplies,Medium (21-50 employees)
waterscienceinc,90.0,8730.0,Core Champions,General Wholesale/Distribution,Small (6-20 employees)
vis2,755.0,54695.0,Core Champions,General/Specialty Manufacturing,Small (6-20 employees)
swsgroup1,40.0,19705.0,At Risk,General Wholesale/Distribution,Small (6-20 employees)
ravizzausa,114.0,13348.0,Core Champions,General/Specialty Manufacturing,Unknown
restaurantfurniturecom,3.3333333333333335,3656.0,Base Customers,General Retail,Unknown
audiovideosupply,10.0,25284.0,At Risk,Electronics & Technology,Micro (1-5 employees)
mcc,35.0,2985.0,Base Customers,General/Specialty Manufacturing,Large (51-200 employees)
racecardynamicsofarizonainc,80.0,12830.0,Core Champions,General Wholesale/Distribution,Small (6-20 employees)
westernsquare1,286.0,41984.0,Core Champions,General/Specialty Manufacturing,Medium (21-50 employees)
hblzh,40.0,4800.0,At Risk,General/Specialty Manufacturing,Unknown
modcycles,130.0,10195.0,Core Champions,General Wholesale/Distribution,Small (6-20 employees)
eu,90.0,8620.0,Core Champions,General/Specialty Manufacturing,Small (6-20 employees)
e2efoodpackinc,40.0,5520.0,At Risk,General Wholesale/Distribution,Small (6-20 employees)
dtaglobal,25.0,2400.0,Base Customers,General/Specialty Manufacturing,Micro (1-5 employees)
cdsanalytical,480.0,38840.0,Core Champions,General/Specialty Manufacturing,Small (6-20 employees)
nanoandmoreusa1,120.0,11520.0,Core Champions,General Wholesale/Distribution,Unknown
photovaclasercorp,280.0,19760.0,Core Champions,Industrial Equipment & Machinery,Small (6-20 employees)
omniausa,25.0,3075.0,Base Customers,"Chemicals, Plastics & Rubber",Medium (21-50 employees)
fromtheretohereimports,4.166666666666667,4620.0,At Risk,General Wholesale/Distribution,Micro (1-5 employees)
idescosafetycorp,120.0,11640.0,Core Champions,Safety & Security Equipment,Micro (1-5 employees)
tastypuff,10.0,11192.0,At Risk,General Wholesale/Distribution,Medium (21-50 employees)
blingmaster,25.0,2425.0,Base Customers,General Wholesale/Distribution,Small (6-20 employees)
srwdistribution,40.0,4320.0,At Risk,General Wholesale/Distribution,Unknown
technisoilglobal,160.0,21240.0,Core Champions,General Wholesale/Distribution,Small (6-20 employees)
leontineserver,637.0,40157.0,Core Champions,General Retail,Micro (1-5 employees)
proav,138.0,13820.0,Core Champions,General Retail,Medium (21-50 employees)
giantmicrobes,6.666666666666667,8224.0,At Risk,General Retail,Small (6-20 employees)
division9associates,30.0,30800.0,At Risk,Building Materials & Construction,Small (6-20 employees)
vcinc2,75.0,9875.0,Core Champions,General Retail,Micro (1-5 employees)
langemedical,40.0,3880.0,Base Customers,General Wholesale/Distribution,Micro (1-5 employees)
mtausa,375.0,29025.0,Core Champions,General Wholesale/Distribution,Medium (21-50 employees)
jit,320.0,54880.0,Core Champions,General/Specialty Manufacturing,Small (6-20 employees)
stellalightinginc,160.0,15080.0,Core Champions,Electrical & Lighting Equipment,Small (6-20 employees)
brechtel,13.5,9205.8,At Risk,General/Specialty Manufacturing,Small (6-20 employees)
affordablemedical,33.333333333333336,28348.0,At Risk,General Retail,Micro (1-5 employees)
vmgindustries,114.0,9720.9,Core Champions,General/Specialty Manufacturing,Micro (1-5 employees)
ctiusa,384.0,31612.0,Core Champions,Industrial Equipment & Machinery,Medium (21-50 employees)
php,1080.0,85080.0,Core Champions,General/Specialty Manufacturing,Medium (21-50 employees)
methodmobility,200.0,20440.0,Core Champions,Medical Equipment & Supplies,Micro (1-5 employees)
windowmakeover1,280.0,52720.0,Core Champions,Apparel & Textiles,Large (51-200 employees)
aw,128.0,12288.0,Core Champions,General/Specialty Manufacturing,Small (6-20 employees)
aquaview,75.0,7150.0,Core Champions,General/Specialty Manufacturing,Unknown
mbgakllc,160.0,18840.0,Core Champions,General Retail,Small (6-20 employees)
idsheat,5.833333333333333,6369.0,At Risk,General Wholesale/Distribution,Micro (1-5 employees)
houseofqcrm,25.0,2425.0,Base Customers,General Wholesale/Distribution,Micro (1-5 employees)
gmfhospitalityinc,125.0,7750.0,Core Champions,General Wholesale/Distribution,Small (6-20 employees)
mojofeet,50.0,4550.0,At Risk,Medical Equipment & Supplies,Medium (21-50 employees)
globalgatecontrols,50.0,48284.0,At Risk,General Retail,Small (6-20 employees)
lsut,96.0,6400.0,Core Champions,General Retail,Large (51-200 employees)
pinline,120.0,9864.0,Core Champions,General/Specialty Manufacturing,Micro (1-5 employees)
ntgproducts,320.0,31132.0,Core Champions,General/Specialty Manufacturing,Medium (21-50 employees)
altech,4.166666666666667,11950.0,At Risk,Electrical & Lighting Equipment,Large (51-200 employees)
artbrandsllc,275.0,29850.0,Core Champions,General/Specialty Manufacturing,Micro (1-5 employees)
conequippartsandequipmentllc,240.0,208604.0,Core Champions,Electronics & Technology,Large (51-200 employees)
keybusinesssolutions,468.0,45600.0,Core Champions,Office Supplies & Equipment,Medium (21-50 employees)
bham,40.0,3840.0,Base Customers,General Retail,Medium (21-50 employees)
msf,82.0,4902.0,Core Champions,General Wholesale/Distribution,Micro (1-5 employees)
hmtca,440.0,42680.0,Core Champions,General/Specialty Manufacturing,Medium (21-50 employees)
ebg,120.0,11520.0,Core Champions,General Wholesale/Distribution,Small (6-20 employees)
weightechusa,184.0,8788.0,Core Champions,General Wholesale/Distribution,Micro (1-5 employees)
hsa,52.0,15929.0,At Risk,General Wholesale/Distribution,Micro (1-5 employees)
sci92,102.0,11266.0,Core Champions,General Wholesale/Distribution,Small (6-20 employees)
wowo,94.0,14567.0,Core Champions,"Chemicals, Plastics & Rubber",Small (6-20 employees)
hundegger,3.3333333333333335,19072.0,At Risk,General/Specialty Manufacturing,Small (6-20 employees)
ebproducts,120.0,18840.0,Core Champions,General Wholesale/Distribution,Unknown
isavela,6.666666666666667,5832.7,At Risk,General/Specialty Manufacturing,Small (6-20 employees)
customequipmentcompanyinc,280.0,24360.0,Core Champions,General/Specialty Manufacturing,Small (6-20 employees)
trinitychurchsupply,80.0,7760.0,Core Champions,General Wholesale/Distribution,Micro (1-5 employees)
aquamatic,800.0,68189.5,Core Champions,General/Specialty Manufacturing,Large (51-200 employees)
lumax,440.0,41936.0,Core Champions,General Wholesale/Distribution,Small (6-20 employees)
parlights,640.0,41320.0,Core Champions,Electrical & Lighting Equipment,Small (6-20 employees)
psipressure,200.0,19400.0,Core Champions,General/Specialty Manufacturing,Small (6-20 employees)
microdairydesigns,75.0,7200.0,Core Champions,General/Specialty Manufacturing,Unknown
americanstonecraft,2.9166666666666665,3537.5,Base Customers,Building Materials & Construction,Micro (1-5 employees)
SeatingMasters,2.0833333333333335,2227.5,Base Customers,General Retail,Unknown
dewesoft,3342.0,181976.0,Core Champions,Electronics & Technology,Large (51-200 employees)
ciamedical,1120.0,81480.0,Core Champions,Medical Equipment & Supplies,Medium (21-50 employees)
supplyshield,416.0,25646.0,Core Champions,General Wholesale/Distribution,Small (6-20 employees)
lmoor,25.0,5925.0,At Risk,General Wholesale/Distribution,Small (6-20 employees)
skyproduct,32.0,38720.0,At Risk,General Wholesale/Distribution,Small (6-20 employees)
unitedcomponentsdistributionllc,40.0,3840.0,Base Customers,General Wholesale/Distribution,Micro (1-5 employees)
mjsystems,150.0,12875.0,Core Champions,General Wholesale/Distribution,Small (6-20 employees)
ssps,160.0,24240.0,Core Champions,General/Specialty Manufacturing,Small (6-20 employees)
refreshdeal,49.37916666666666,47277.0,At Risk,Building Materials & Construction,Micro (1-5 employees)
selectedfurniture,2.0833333333333335,2227.5,Base Customers,Furniture & Home Furnishings,Enterprise (200+ employees)
jsco,50.0,5750.0,At Risk,General Retail,Small (6-20 employees)
siegelperformancesystems,80.0,29564.0,Core Champions,Sporting Goods & Fitness Equipment,Small (6-20 employees)
RestaurantFurnitureSupply,2.0833333333333335,2227.5,Base Customers,General Retail,Unknown
AffordableSeatingLLC,2.0833333333333335,2227.5,Base Customers,General Retail,Micro (1-5 employees)
RestaurantFurnitureNet,2.0833333333333335,2227.5,Base Customers,General Retail,Unknown
AffordableSeating,2.0833333333333335,2230.0,Base Customers,General Retail,Unknown
pscfloturninc,224.0,23936.0,Core Champions,General/Specialty Manufacturing,Medium (21-50 employees)
simplesolutionsandinnovationsinc,245.0,21600.0,Core Champions,General/Specialty Manufacturing,Small (6-20 employees)
calpacific,185.0,17760.0,Core Champions,General Wholesale/Distribution,Micro (1-5 employees)
kiccorporation,65.0,6240.0,Core Champions,General Wholesale/Distribution,Small (6-20 employees)
virginialabsupplycorp,200.0,19200.0,Core Champions,General Wholesale/Distribution,Small (6-20 employees)
okfoundry,155.0,14880.0,Core Champions,General/Specialty Manufacturing,Medium (21-50 employees)
alcon,95.0,12740.0,Core Champions,General/Specialty Manufacturing,Micro (1-5 employees)
